advisor_id,advisor_name,channel,archetype_id,archetype_name,risk_tolerance,turnover,flow_persistence,tenure_band,household_count,aum,gross_sales_bias,redemption_sensitivity
ADV0719,Advisor 0719,wirehouse,balanced_planner,Balanced Planner,medium,low,high,tenured,2126,3167933787.65,1.0,1.0
ADV0890,Advisor 0890,ria,balanced_planner,Balanced Planner,medium,low,high,tenured,1791,2407474860.08,1.0,1.0
ADV0336,Advisor 0336,private_bank,balanced_planner,Balanced Planner,medium,low,high,emerging,967,2159542999.99,1.0,1.0
ADV0150,Advisor 0150,wirehouse,conservative_income,Conservative Income,low,low,high,tenured,1818,2083739749.85,0.85,1.2
ADV0220,Advisor 0220,ria,growth_allocator,Growth Allocator,medium_high,medium,medium,tenured,1842,1884103878.21,1.15,0.9
ADV0737,Advisor 0737,ria,growth_allocator,Growth Allocator,medium_high,medium,medium,tenured,1577,1834485964.31,1.15,0.9
ADV0118,Advisor 0118,private_bank,balanced_planner,Balanced Planner,medium,low,high,established,886,1706159908.09,1.0,1.0
ADV0359,Advisor 0359,wirehouse,growth_allocator,Growth Allocator,medium_high,medium,medium,established,1112,1613183432.69,1.15,0.9
ADV0230,Advisor 0230,private_bank,active_trader,Active Trader,high,high,low,established,737,1597768452.8,1.25,1.15
ADV0623,Advisor 0623,wirehouse,balanced_planner,Balanced Planner,medium,low,high,established,1005,1545651305.51,1.0,1.0
ADV0965,Advisor 0965,private_bank,alternative_specialist,Alternative Specialist,medium_high,medium,medium,tenured,854,1488819273.4,1.05,0.95
ADV0227,Advisor 0227,wirehouse,active_trader,Active Trader,high,high,low,established,1108,1454839529.51,1.25,1.15
ADV0957,Advisor 0957,private_bank,balanced_planner,Balanced Planner,medium,low,high,tenured,823,1448060922.5,1.0,1.0
ADV0235,Advisor 0235,wirehouse,balanced_planner,Balanced Planner,medium,low,high,tenured,952,1332794008.36,1.0,1.0
ADV0201,Advisor 0201,wirehouse,active_trader,Active Trader,high,high,low,tenured,901,1328438551.4,1.25,1.15
ADV0759,Advisor 0759,ria,growth_allocator,Growth Allocator,medium_high,medium,medium,tenured,1159,1316835727.59,1.15,0.9
ADV0850,Advisor 0850,wirehouse,balanced_planner,Balanced Planner,medium,low,high,tenured,1005,1293958608.9,1.0,1.0
ADV0319,Advisor 0319,independent_broker_dealer,conservative_income,Conservative Income,low,low,high,emerging,959,1274830369.18,0.85,1.2
ADV0697,Advisor 0697,private_bank,growth_allocator,Growth Allocator,medium_high,medium,medium,established,605,1228125873.2,1.15,0.9
ADV0535,Advisor 0535,wirehouse,active_trader,Active Trader,high,high,low,tenured,873,1225440324.18,1.25,1.15
ADV0914,Advisor 0914,regional_broker_dealer,growth_allocator,Growth Allocator,medium_high,medium,medium,tenured,1333,1209949944.03,1.15,0.9
ADV0099,Advisor 0099,wirehouse,growth_allocator,Growth Allocator,medium_high,medium,medium,tenured,714,1195558789.8,1.15,0.9
ADV0556,Advisor 0556,wirehouse,growth_allocator,Growth Allocator,medium_high,medium,medium,established,789,1189843192.13,1.15,0.9
ADV0855,Advisor 0855,wirehouse,balanced_planner,Balanced Planner,medium,low,high,tenured,775,1133749506.38,1.0,1.0
ADV0030,Advisor 0030,private_bank,balanced_planner,Balanced Planner,medium,low,high,established,516,1100068429.75,1.0,1.0
ADV0117,Advisor 0117,ria,alternative_specialist,Alternative Specialist,medium_high,medium,medium,tenured,847,1065990563.24,1.05,0.95
ADV0951,Advisor 0951,ria,alternative_specialist,Alternative Specialist,medium_high,medium,medium,established,764,1016542071.85,1.05,0.95
ADV0769,Advisor 0769,wirehouse,balanced_planner,Balanced Planner,medium,low,high,established,623,964954691.37,1.0,1.0
ADV0460,Advisor 0460,ria,balanced_planner,Balanced Planner,medium,low,high,established,707,957195762.84,1.0,1.0
ADV0181,Advisor 0181,wirehouse,balanced_planner,Balanced Planner,medium,low,high,tenured,597,952099839.59,1.0,1.0
ADV0039,Advisor 0039,regional_broker_dealer,growth_allocator,Growth Allocator,medium_high,medium,medium,established,799,920016748.14,1.15,0.9
ADV0174,Advisor 0174,wirehouse,alternative_specialist,Alternative Specialist,medium_high,medium,medium,established,547,903373319.95,1.05,0.95
ADV0830,Advisor 0830,ria,balanced_planner,Balanced Planner,medium,low,high,established,695,900235085.42,1.0,1.0
ADV0864,Advisor 0864,independent_broker_dealer,conservative_income,Conservative Income,low,low,high,tenured,853,888575355.57,0.85,1.2
ADV0425,Advisor 0425,regional_broker_dealer,conservative_income,Conservative Income,low,low,high,tenured,848,817831576.9,0.85,1.2
ADV0922,Advisor 0922,ria,balanced_planner,Balanced Planner,medium,low,high,established,541,808702761.97,1.0,1.0
ADV0700,Advisor 0700,ria,balanced_planner,Balanced Planner,medium,low,high,tenured,598,767104067.41,1.0,1.0
ADV0215,Advisor 0215,independent_broker_dealer,growth_allocator,Growth Allocator,medium_high,medium,medium,tenured,678,729057817.64,1.15,0.9
ADV0900,Advisor 0900,wirehouse,growth_allocator,Growth Allocator,medium_high,medium,medium,established,452,693121030.28,1.15,0.9
ADV0049,Advisor 0049,insurance_broker_dealer,balanced_planner,Balanced Planner,medium,low,high,tenured,955,681255623.13,1.0,1.0
ADV0749,Advisor 0749,wirehouse,balanced_planner,Balanced Planner,medium,low,high,emerging,385,676811582.52,1.0,1.0
ADV0189,Advisor 0189,wirehouse,balanced_planner,Balanced Planner,medium,low,high,emerging,399,676265967.42,1.0,1.0
ADV0144,Advisor 0144,wirehouse,alternative_specialist,Alternative Specialist,medium_high,medium,medium,established,439,675839544.66,1.05,0.95
ADV0130,Advisor 0130,wirehouse,alternative_specialist,Alternative Specialist,medium_high,medium,medium,established,464,674121101.29,1.05,0.95
ADV0537,Advisor 0537,independent_broker_dealer,conservative_income,Conservative Income,low,low,high,tenured,551,664477686.4,0.85,1.2
ADV0539,Advisor 0539,ria,fixed_income_specialist,Fixed Income Specialist,low_medium,medium,high,tenured,510,660243299.44,0.95,1.05
ADV0324,Advisor 0324,wirehouse,conservative_income,Conservative Income,low,low,high,tenured,457,647230871.15,0.85,1.2
ADV0465,Advisor 0465,wirehouse,conservative_income,Conservative Income,low,low,high,established,484,642125116.04,0.85,1.2
ADV0126,Advisor 0126,wirehouse,growth_allocator,Growth Allocator,medium_high,medium,medium,established,418,634209706.12,1.15,0.9
ADV0386,Advisor 0386,wirehouse,growth_allocator,Growth Allocator,medium_high,medium,medium,established,427,629473953.61,1.15,0.9
ADV0902,Advisor 0902,ria,growth_allocator,Growth Allocator,medium_high,medium,medium,tenured,511,627595138.69,1.15,0.9
ADV0928,Advisor 0928,ria,growth_allocator,Growth Allocator,medium_high,medium,medium,tenured,612,614074839.91,1.15,0.9
ADV0543,Advisor 0543,wirehouse,balanced_planner,Balanced Planner,medium,low,high,established,440,610861268.8,1.0,1.0
ADV0530,Advisor 0530,independent_broker_dealer,growth_allocator,Growth Allocator,medium_high,medium,medium,established,528,608602431.73,1.15,0.9
ADV0075,Advisor 0075,wirehouse,growth_allocator,Growth Allocator,medium_high,medium,medium,tenured,551,607875866.29,1.15,0.9
ADV0253,Advisor 0253,wirehouse,active_trader,Active Trader,high,high,low,tenured,434,605094986.69,1.25,1.15
ADV0541,Advisor 0541,wirehouse,growth_allocator,Growth Allocator,medium_high,medium,medium,tenured,498,601061194.34,1.15,0.9
ADV0981,Advisor 0981,ria,balanced_planner,Balanced Planner,medium,low,high,tenured,476,599366992.17,1.0,1.0
ADV0292,Advisor 0292,wirehouse,balanced_planner,Balanced Planner,medium,low,high,established,420,595196286.64,1.0,1.0
ADV0767,Advisor 0767,private_bank,conservative_income,Conservative Income,low,low,high,tenured,304,592118062.58,0.85,1.2
ADV0825,Advisor 0825,insurance_broker_dealer,conservative_income,Conservative Income,low,low,high,emerging,552,588139843.06,0.85,1.2
ADV0346,Advisor 0346,ria,balanced_planner,Balanced Planner,medium,low,high,established,398,585670222.42,1.0,1.0
ADV0559,Advisor 0559,wirehouse,conservative_income,Conservative Income,low,low,high,established,462,581171860.29,0.85,1.2
ADV0225,Advisor 0225,ria,balanced_planner,Balanced Planner,medium,low,high,established,439,579381246.56,1.0,1.0
ADV0817,Advisor 0817,private_bank,conservative_income,Conservative Income,low,low,high,tenured,338,575326230.77,0.85,1.2
ADV0031,Advisor 0031,independent_broker_dealer,conservative_income,Conservative Income,low,low,high,tenured,558,573006713.71,0.85,1.2
ADV0330,Advisor 0330,independent_broker_dealer,balanced_planner,Balanced Planner,medium,low,high,emerging,473,567529233.1,1.0,1.0
ADV0754,Advisor 0754,wirehouse,alternative_specialist,Alternative Specialist,medium_high,medium,medium,established,378,558131499.54,1.05,0.95
ADV0390,Advisor 0390,wirehouse,growth_allocator,Growth Allocator,medium_high,medium,medium,emerging,368,547799995.76,1.15,0.9
ADV0175,Advisor 0175,ria,alternative_specialist,Alternative Specialist,medium_high,medium,medium,tenured,413,546991698.29,1.05,0.95
ADV0790,Advisor 0790,private_bank,growth_allocator,Growth Allocator,medium_high,medium,medium,established,284,542813721.93,1.15,0.9
ADV0638,Advisor 0638,private_bank,conservative_income,Conservative Income,low,low,high,emerging,200,540988104.49,0.85,1.2
ADV0707,Advisor 0707,ria,conservative_income,Conservative Income,low,low,high,established,371,535360817.3,0.85,1.2
ADV0286,Advisor 0286,independent_broker_dealer,growth_allocator,Growth Allocator,medium_high,medium,medium,established,433,522467439.43,1.15,0.9
ADV0169,Advisor 0169,independent_broker_dealer,balanced_planner,Balanced Planner,medium,low,high,tenured,477,516188869.23,1.0,1.0
ADV0762,Advisor 0762,regional_broker_dealer,balanced_planner,Balanced Planner,medium,low,high,established,537,515572656.21,1.0,1.0
ADV0426,Advisor 0426,regional_broker_dealer,growth_allocator,Growth Allocator,medium_high,medium,medium,tenured,511,513570797.17,1.15,0.9
ADV0642,Advisor 0642,wirehouse,conservative_income,Conservative Income,low,low,high,tenured,374,507589301.64,0.85,1.2
ADV0427,Advisor 0427,wirehouse,balanced_planner,Balanced Planner,medium,low,high,tenured,353,495679207.92,1.0,1.0
ADV0776,Advisor 0776,independent_broker_dealer,growth_allocator,Growth Allocator,medium_high,medium,medium,tenured,461,493467403.47,1.15,0.9
ADV0079,Advisor 0079,regional_broker_dealer,conservative_income,Conservative Income,low,low,high,tenured,463,492968232.7,0.85,1.2
ADV0304,Advisor 0304,independent_broker_dealer,alternative_specialist,Alternative Specialist,medium_high,medium,medium,tenured,455,485456244.91,1.05,0.95
ADV0266,Advisor 0266,wirehouse,balanced_planner,Balanced Planner,medium,low,high,established,309,485365733.04,1.0,1.0
ADV0276,Advisor 0276,wirehouse,active_trader,Active Trader,high,high,low,established,289,485310580.57,1.25,1.15
ADV0799,Advisor 0799,wirehouse,growth_allocator,Growth Allocator,medium_high,medium,medium,emerging,294,481517876.53,1.15,0.9
ADV0562,Advisor 0562,private_bank,balanced_planner,Balanced Planner,medium,low,high,established,216,479656935.82,1.0,1.0
ADV0329,Advisor 0329,wirehouse,alternative_specialist,Alternative Specialist,medium_high,medium,medium,tenured,329,478752195.88,1.05,0.95
ADV0004,Advisor 0004,independent_broker_dealer,growth_allocator,Growth Allocator,medium_high,medium,medium,established,400,476055477.02,1.15,0.9
ADV0216,Advisor 0216,wirehouse,balanced_planner,Balanced Planner,medium,low,high,established,325,474878236.32,1.0,1.0
ADV0728,Advisor 0728,ria,balanced_planner,Balanced Planner,medium,low,high,established,368,467255586.13,1.0,1.0
ADV0443,Advisor 0443,wirehouse,growth_allocator,Growth Allocator,medium_high,medium,medium,emerging,234,465829826.13,1.15,0.9
ADV0594,Advisor 0594,regional_broker_dealer,active_trader,Active Trader,high,high,low,established,476,464289225.21,1.25,1.15
ADV0640,Advisor 0640,wirehouse,growth_allocator,Growth Allocator,medium_high,medium,medium,established,291,464000838.57,1.15,0.9
ADV0998,Advisor 0998,ria,alternative_specialist,Alternative Specialist,medium_high,medium,medium,established,307,450993927.31,1.05,0.95
ADV0343,Advisor 0343,independent_broker_dealer,balanced_planner,Balanced Planner,medium,low,high,tenured,437,450974843.96,1.0,1.0
ADV0953,Advisor 0953,independent_broker_dealer,conservative_income,Conservative Income,low,low,high,established,353,446106076.82,0.85,1.2
ADV0935,Advisor 0935,private_bank,balanced_planner,Balanced Planner,medium,low,high,tenured,223,443279784.85,1.0,1.0
ADV0368,Advisor 0368,private_bank,conservative_income,Conservative Income,low,low,high,tenured,236,442948762.62,0.85,1.2
ADV0703,Advisor 0703,wirehouse,conservative_income,Conservative Income,low,low,high,established,287,438902148.12,0.85,1.2
ADV0687,Advisor 0687,regional_broker_dealer,balanced_planner,Balanced Planner,medium,low,high,tenured,450,437016231.62,1.0,1.0
ADV0742,Advisor 0742,wirehouse,balanced_planner,Balanced Planner,medium,low,high,emerging,232,436183285.33,1.0,1.0
ADV0860,Advisor 0860,private_bank,conservative_income,Conservative Income,low,low,high,established,218,435107802.05,0.85,1.2
ADV0947,Advisor 0947,independent_broker_dealer,conservative_income,Conservative Income,low,low,high,emerging,294,429186000.29,0.85,1.2
ADV0006,Advisor 0006,wirehouse,balanced_planner,Balanced Planner,medium,low,high,established,267,428865679.08,1.0,1.0
ADV0022,Advisor 0022,wirehouse,fixed_income_specialist,Fixed Income Specialist,low_medium,medium,high,tenured,323,426475260.04,0.95,1.05
ADV0895,Advisor 0895,wirehouse,balanced_planner,Balanced Planner,medium,low,high,established,248,423075895.87,1.0,1.0
ADV0091,Advisor 0091,insurance_broker_dealer,growth_allocator,Growth Allocator,medium_high,medium,medium,established,482,421465972.1,1.15,0.9
ADV0516,Advisor 0516,ria,fixed_income_specialist,Fixed Income Specialist,low_medium,medium,high,tenured,311,421434127.66,0.95,1.05
ADV0837,Advisor 0837,wirehouse,alternative_specialist,Alternative Specialist,medium_high,medium,medium,tenured,280,419931672.09,1.05,0.95
ADV0221,Advisor 0221,wirehouse,conservative_income,Conservative Income,low,low,high,established,273,416795238.57,0.85,1.2
ADV0582,Advisor 0582,wirehouse,growth_allocator,Growth Allocator,medium_high,medium,medium,established,305,414451957.57,1.15,0.9
ADV0853,Advisor 0853,private_bank,conservative_income,Conservative Income,low,low,high,tenured,182,412005594.53,0.85,1.2
ADV0624,Advisor 0624,independent_broker_dealer,balanced_planner,Balanced Planner,medium,low,high,established,364,410673987.11,1.0,1.0
ADV0937,Advisor 0937,independent_broker_dealer,growth_allocator,Growth Allocator,medium_high,medium,medium,established,351,406282502.31,1.15,0.9
ADV0631,Advisor 0631,wirehouse,growth_allocator,Growth Allocator,medium_high,medium,medium,established,283,404700754.57,1.15,0.9
ADV0398,Advisor 0398,private_bank,conservative_income,Conservative Income,low,low,high,tenured,260,404406949.65,0.85,1.2
ADV0429,Advisor 0429,wirehouse,fixed_income_specialist,Fixed Income Specialist,low_medium,medium,high,established,234,402912213.16,0.95,1.05
ADV0883,Advisor 0883,wirehouse,growth_allocator,Growth Allocator,medium_high,medium,medium,tenured,271,400085375.19,1.15,0.9
ADV0716,Advisor 0716,independent_broker_dealer,fixed_income_specialist,Fixed Income Specialist,low_medium,medium,high,emerging,312,399218233.24,0.95,1.05
ADV0636,Advisor 0636,wirehouse,growth_allocator,Growth Allocator,medium_high,medium,medium,tenured,256,398418781.56,1.15,0.9
ADV0676,Advisor 0676,private_bank,conservative_income,Conservative Income,low,low,high,tenured,190,398070417.38,0.85,1.2
ADV0571,Advisor 0571,wirehouse,balanced_planner,Balanced Planner,medium,low,high,tenured,327,397551014.35,1.0,1.0
ADV0271,Advisor 0271,wirehouse,active_trader,Active Trader,high,high,low,emerging,241,396611437.18,1.25,1.15
ADV0536,Advisor 0536,ria,conservative_income,Conservative Income,low,low,high,tenured,256,394400104.36,0.85,1.2
ADV0380,Advisor 0380,ria,balanced_planner,Balanced Planner,medium,low,high,tenured,298,393489195.85,1.0,1.0
ADV0810,Advisor 0810,wirehouse,fixed_income_specialist,Fixed Income Specialist,low_medium,medium,high,established,238,393466171.6,0.95,1.05
ADV0614,Advisor 0614,regional_broker_dealer,balanced_planner,Balanced Planner,medium,low,high,established,372,392529868.51,1.0,1.0
ADV0001,Advisor 0001,wirehouse,active_trader,Active Trader,high,high,low,tenured,315,391153030.22,1.25,1.15
ADV0312,Advisor 0312,ria,fixed_income_specialist,Fixed Income Specialist,low_medium,medium,high,established,260,389949192.44,0.95,1.05
ADV0894,Advisor 0894,ria,conservative_income,Conservative Income,low,low,high,established,314,389165214.04,0.85,1.2
ADV0954,Advisor 0954,ria,conservative_income,Conservative Income,low,low,high,established,281,388009153.41,0.85,1.2
ADV0404,Advisor 0404,wirehouse,fixed_income_specialist,Fixed Income Specialist,low_medium,medium,high,established,285,384138582.77,0.95,1.05
ADV0475,Advisor 0475,wirehouse,balanced_planner,Balanced Planner,medium,low,high,established,237,383406653.04,1.0,1.0
ADV0961,Advisor 0961,wirehouse,growth_allocator,Growth Allocator,medium_high,medium,medium,tenured,265,382553733.12,1.15,0.9
ADV0665,Advisor 0665,wirehouse,active_trader,Active Trader,high,high,low,tenured,249,380253263.78,1.25,1.15
ADV0202,Advisor 0202,wirehouse,active_trader,Active Trader,high,high,low,established,235,372484053.9,1.25,1.15
ADV0164,Advisor 0164,wirehouse,balanced_planner,Balanced Planner,medium,low,high,tenured,267,372348743.47,1.0,1.0
ADV0918,Advisor 0918,private_bank,fixed_income_specialist,Fixed Income Specialist,low_medium,medium,high,tenured,198,369289030.7,0.95,1.05
ADV0942,Advisor 0942,wirehouse,conservative_income,Conservative Income,low,low,high,established,230,366361981.83,0.85,1.2
ADV0499,Advisor 0499,ria,growth_allocator,Growth Allocator,medium_high,medium,medium,established,272,365630251.41,1.15,0.9
ADV0879,Advisor 0879,independent_broker_dealer,growth_allocator,Growth Allocator,medium_high,medium,medium,tenured,318,362745427.75,1.15,0.9
ADV0938,Advisor 0938,wirehouse,growth_allocator,Growth Allocator,medium_high,medium,medium,established,251,362686854.7,1.15,0.9
ADV0844,Advisor 0844,independent_broker_dealer,growth_allocator,Growth Allocator,medium_high,medium,medium,established,273,361786589.1,1.15,0.9
ADV0469,Advisor 0469,regional_broker_dealer,growth_allocator,Growth Allocator,medium_high,medium,medium,tenured,407,360959785.79,1.15,0.9
ADV0488,Advisor 0488,wirehouse,conservative_income,Conservative Income,low,low,high,tenured,307,360568872.83,0.85,1.2
ADV0699,Advisor 0699,private_bank,growth_allocator,Growth Allocator,medium_high,medium,medium,tenured,197,357230952.29,1.15,0.9
ADV0876,Advisor 0876,wirehouse,balanced_planner,Balanced Planner,medium,low,high,emerging,243,356530407.67,1.0,1.0
ADV0389,Advisor 0389,ria,balanced_planner,Balanced Planner,medium,low,high,established,271,355538579.46,1.0,1.0
ADV0807,Advisor 0807,wirehouse,balanced_planner,Balanced Planner,medium,low,high,emerging,212,354912712.84,1.0,1.0
ADV0277,Advisor 0277,independent_broker_dealer,growth_allocator,Growth Allocator,medium_high,medium,medium,tenured,311,353843361.51,1.15,0.9
ADV0317,Advisor 0317,wirehouse,growth_allocator,Growth Allocator,medium_high,medium,medium,established,221,353612770.19,1.15,0.9
ADV0362,Advisor 0362,regional_broker_dealer,conservative_income,Conservative Income,low,low,high,tenured,381,352475036.05,0.85,1.2
ADV0056,Advisor 0056,regional_broker_dealer,balanced_planner,Balanced Planner,medium,low,high,established,341,351951661.44,1.0,1.0
ADV0467,Advisor 0467,ria,balanced_planner,Balanced Planner,medium,low,high,tenured,299,351684190.08,1.0,1.0
ADV0198,Advisor 0198,wirehouse,active_trader,Active Trader,high,high,low,tenured,298,350868328.31,1.25,1.15
ADV0066,Advisor 0066,ria,alternative_specialist,Alternative Specialist,medium_high,medium,medium,emerging,239,349839516.78,1.05,0.95
ADV0372,Advisor 0372,independent_broker_dealer,growth_allocator,Growth Allocator,medium_high,medium,medium,established,286,348377546.71,1.15,0.9
ADV0673,Advisor 0673,wirehouse,conservative_income,Conservative Income,low,low,high,tenured,233,346671624.89,0.85,1.2
ADV0909,Advisor 0909,independent_broker_dealer,conservative_income,Conservative Income,low,low,high,tenured,305,344122234.28,0.85,1.2
ADV0675,Advisor 0675,private_bank,alternative_specialist,Alternative Specialist,medium_high,medium,medium,emerging,140,342009817.23,1.05,0.95
ADV0350,Advisor 0350,wirehouse,growth_allocator,Growth Allocator,medium_high,medium,medium,established,214,341910761.25,1.15,0.9
ADV0529,Advisor 0529,independent_broker_dealer,fixed_income_specialist,Fixed Income Specialist,low_medium,medium,high,established,267,341528198.64,0.95,1.05
ADV0410,Advisor 0410,insurance_broker_dealer,alternative_specialist,Alternative Specialist,medium_high,medium,medium,tenured,369,335463579.1,1.05,0.95
ADV0545,Advisor 0545,wirehouse,balanced_planner,Balanced Planner,medium,low,high,tenured,248,334793787.27,1.0,1.0
ADV0107,Advisor 0107,regional_broker_dealer,growth_allocator,Growth Allocator,medium_high,medium,medium,tenured,365,333530446.46,1.15,0.9
ADV0388,Advisor 0388,insurance_broker_dealer,growth_allocator,Growth Allocator,medium_high,medium,medium,established,374,329784065.24,1.15,0.9
ADV0147,Advisor 0147,ria,growth_allocator,Growth Allocator,medium_high,medium,medium,established,248,329313033.04,1.15,0.9
ADV0297,Advisor 0297,private_bank,fixed_income_specialist,Fixed Income Specialist,low_medium,medium,high,tenured,200,328373632.84,0.95,1.05
ADV0263,Advisor 0263,ria,alternative_specialist,Alternative Specialist,medium_high,medium,medium,established,212,328146356.55,1.05,0.95
ADV0043,Advisor 0043,private_bank,growth_allocator,Growth Allocator,medium_high,medium,medium,tenured,189,325364688.06,1.15,0.9
ADV0704,Advisor 0704,ria,growth_allocator,Growth Allocator,medium_high,medium,medium,established,275,325185159.12,1.15,0.9
ADV0002,Advisor 0002,ria,active_trader,Active Trader,high,high,low,established,240,322889992.28,1.25,1.15
ADV0284,Advisor 0284,regional_broker_dealer,growth_allocator,Growth Allocator,medium_high,medium,medium,established,285,321814401.84,1.15,0.9
ADV0992,Advisor 0992,ria,growth_allocator,Growth Allocator,medium_high,medium,medium,established,259,320438577.13,1.15,0.9
ADV0109,Advisor 0109,independent_broker_dealer,fixed_income_specialist,Fixed Income Specialist,low_medium,medium,high,established,259,319312964.12,0.95,1.05
ADV0637,Advisor 0637,ria,balanced_planner,Balanced Planner,medium,low,high,tenured,243,316834841.67,1.0,1.0
ADV0407,Advisor 0407,independent_broker_dealer,balanced_planner,Balanced Planner,medium,low,high,established,312,316603687.41,1.0,1.0
ADV0511,Advisor 0511,independent_broker_dealer,balanced_planner,Balanced Planner,medium,low,high,established,253,316464251.43,1.0,1.0
ADV0514,Advisor 0514,wirehouse,fixed_income_specialist,Fixed Income Specialist,low_medium,medium,high,tenured,202,315982780.54,0.95,1.05
ADV0926,Advisor 0926,wirehouse,balanced_planner,Balanced Planner,medium,low,high,established,228,315396652.15,1.0,1.0
ADV0820,Advisor 0820,wirehouse,conservative_income,Conservative Income,low,low,high,tenured,236,311309449.66,0.85,1.2
ADV0619,Advisor 0619,wirehouse,conservative_income,Conservative Income,low,low,high,established,213,311168007.69,0.85,1.2
ADV0422,Advisor 0422,regional_broker_dealer,conservative_income,Conservative Income,low,low,high,tenured,313,310681968.79,0.85,1.2
ADV0453,Advisor 0453,wirehouse,growth_allocator,Growth Allocator,medium_high,medium,medium,emerging,188,309670423.67,1.15,0.9
ADV0944,Advisor 0944,independent_broker_dealer,conservative_income,Conservative Income,low,low,high,established,250,309414154.35,0.85,1.2
ADV0125,Advisor 0125,independent_broker_dealer,conservative_income,Conservative Income,low,low,high,established,251,309219597.77,0.85,1.2
ADV0679,Advisor 0679,wirehouse,fixed_income_specialist,Fixed Income Specialist,low_medium,medium,high,established,196,309018861.91,0.95,1.05
ADV0893,Advisor 0893,independent_broker_dealer,alternative_specialist,Alternative Specialist,medium_high,medium,medium,emerging,196,308701228.5,1.05,0.95
ADV0441,Advisor 0441,private_bank,balanced_planner,Balanced Planner,medium,low,high,emerging,148,306574875.42,1.0,1.0
ADV0651,Advisor 0651,ria,growth_allocator,Growth Allocator,medium_high,medium,medium,tenured,277,306127297.73,1.15,0.9
ADV0863,Advisor 0863,independent_broker_dealer,alternative_specialist,Alternative Specialist,medium_high,medium,medium,tenured,302,305517922.52,1.05,0.95
ADV0521,Advisor 0521,ria,growth_allocator,Growth Allocator,medium_high,medium,medium,tenured,244,304763556.0,1.15,0.9
ADV0377,Advisor 0377,wirehouse,growth_allocator,Growth Allocator,medium_high,medium,medium,emerging,175,304726018.79,1.15,0.9
ADV0067,Advisor 0067,ria,active_trader,Active Trader,high,high,low,established,200,303569633.82,1.25,1.15
ADV0768,Advisor 0768,insurance_broker_dealer,balanced_planner,Balanced Planner,medium,low,high,established,377,302801355.55,1.0,1.0
ADV0218,Advisor 0218,wirehouse,fixed_income_specialist,Fixed Income Specialist,low_medium,medium,high,established,220,301238910.49,0.95,1.05
ADV0841,Advisor 0841,wirehouse,growth_allocator,Growth Allocator,medium_high,medium,medium,tenured,261,300121518.99,1.15,0.9
ADV0438,Advisor 0438,ria,conservative_income,Conservative Income,low,low,high,established,194,298532611.66,0.85,1.2
ADV0020,Advisor 0020,wirehouse,conservative_income,Conservative Income,low,low,high,emerging,183,296808220.29,0.85,1.2
ADV0260,Advisor 0260,wirehouse,conservative_income,Conservative Income,low,low,high,tenured,186,296439242.22,0.85,1.2
ADV0779,Advisor 0779,independent_broker_dealer,fixed_income_specialist,Fixed Income Specialist,low_medium,medium,high,tenured,284,296099418.79,0.95,1.05
ADV0904,Advisor 0904,independent_broker_dealer,balanced_planner,Balanced Planner,medium,low,high,tenured,257,295927586.5,1.0,1.0
ADV0912,Advisor 0912,insurance_broker_dealer,growth_allocator,Growth Allocator,medium_high,medium,medium,tenured,403,293727478.71,1.15,0.9
ADV0747,Advisor 0747,private_bank,balanced_planner,Balanced Planner,medium,low,high,established,144,292861888.97,1.0,1.0
ADV0647,Advisor 0647,independent_broker_dealer,conservative_income,Conservative Income,low,low,high,tenured,307,292503601.47,0.85,1.2
ADV0533,Advisor 0533,wirehouse,growth_allocator,Growth Allocator,medium_high,medium,medium,tenured,246,291626798.44,1.15,0.9
ADV0162,Advisor 0162,wirehouse,fixed_income_specialist,Fixed Income Specialist,low_medium,medium,high,tenured,246,291303155.85,0.95,1.05
ADV0316,Advisor 0316,ria,balanced_planner,Balanced Planner,medium,low,high,established,232,290685186.21,1.0,1.0
ADV0590,Advisor 0590,independent_broker_dealer,balanced_planner,Balanced Planner,medium,low,high,tenured,316,289986879.24,1.0,1.0
ADV0851,Advisor 0851,independent_broker_dealer,balanced_planner,Balanced Planner,medium,low,high,established,247,287291293.61,1.0,1.0
ADV0061,Advisor 0061,wirehouse,balanced_planner,Balanced Planner,medium,low,high,established,169,285733573.9,1.0,1.0
ADV0325,Advisor 0325,regional_broker_dealer,balanced_planner,Balanced Planner,medium,low,high,tenured,298,285387762.72,1.0,1.0
ADV0739,Advisor 0739,private_bank,growth_allocator,Growth Allocator,medium_high,medium,medium,established,122,285080536.22,1.15,0.9
ADV0391,Advisor 0391,independent_broker_dealer,growth_allocator,Growth Allocator,medium_high,medium,medium,tenured,321,283595074.95,1.15,0.9
ADV0191,Advisor 0191,regional_broker_dealer,alternative_specialist,Alternative Specialist,medium_high,medium,medium,tenured,283,283179752.99,1.05,0.95
ADV0374,Advisor 0374,independent_broker_dealer,alternative_specialist,Alternative Specialist,medium_high,medium,medium,emerging,253,282774538.93,1.05,0.95
ADV0871,Advisor 0871,private_bank,conservative_income,Conservative Income,low,low,high,tenured,147,282094212.02,0.85,1.2
ADV0701,Advisor 0701,wirehouse,balanced_planner,Balanced Planner,medium,low,high,emerging,183,281881404.74,1.0,1.0
ADV0743,Advisor 0743,ria,alternative_specialist,Alternative Specialist,medium_high,medium,medium,tenured,211,280511207.38,1.05,0.95
ADV0076,Advisor 0076,independent_broker_dealer,growth_allocator,Growth Allocator,medium_high,medium,medium,tenured,253,280504883.75,1.15,0.9
ADV0289,Advisor 0289,ria,growth_allocator,Growth Allocator,medium_high,medium,medium,tenured,205,278151295.47,1.15,0.9
ADV0497,Advisor 0497,private_bank,active_trader,Active Trader,high,high,low,emerging,133,277991454.09,1.25,1.15
ADV0505,Advisor 0505,regional_broker_dealer,growth_allocator,Growth Allocator,medium_high,medium,medium,established,287,276259281.63,1.15,0.9
ADV0355,Advisor 0355,ria,growth_allocator,Growth Allocator,medium_high,medium,medium,emerging,191,274971233.23,1.15,0.9
ADV0016,Advisor 0016,ria,conservative_income,Conservative Income,low,low,high,tenured,237,274913683.93,0.85,1.2
ADV0517,Advisor 0517,ria,growth_allocator,Growth Allocator,medium_high,medium,medium,tenured,225,272502430.77,1.15,0.9
ADV0585,Advisor 0585,wirehouse,balanced_planner,Balanced Planner,medium,low,high,established,199,272303641.06,1.0,1.0
ADV0758,Advisor 0758,wirehouse,fixed_income_specialist,Fixed Income Specialist,low_medium,medium,high,established,169,271855367.81,0.95,1.05
ADV0240,Advisor 0240,private_bank,alternative_specialist,Alternative Specialist,medium_high,medium,medium,established,143,271689285.54,1.05,0.95
ADV0628,Advisor 0628,wirehouse,growth_allocator,Growth Allocator,medium_high,medium,medium,tenured,192,270786086.36,1.15,0.9
ADV0741,Advisor 0741,independent_broker_dealer,growth_allocator,Growth Allocator,medium_high,medium,medium,established,225,270095787.15,1.15,0.9
ADV0880,Advisor 0880,wirehouse,alternative_specialist,Alternative Specialist,medium_high,medium,medium,tenured,222,269199086.06,1.05,0.95
ADV0406,Advisor 0406,independent_broker_dealer,conservative_income,Conservative Income,low,low,high,established,226,268477152.53,0.85,1.2
ADV0889,Advisor 0889,wirehouse,balanced_planner,Balanced Planner,medium,low,high,established,167,268005171.69,1.0,1.0
ADV0980,Advisor 0980,independent_broker_dealer,alternative_specialist,Alternative Specialist,medium_high,medium,medium,established,242,264673081.81,1.05,0.95
ADV0171,Advisor 0171,independent_broker_dealer,balanced_planner,Balanced Planner,medium,low,high,established,218,263991947.52,1.0,1.0
ADV0245,Advisor 0245,wirehouse,balanced_planner,Balanced Planner,medium,low,high,tenured,184,263694607.33,1.0,1.0
ADV0194,Advisor 0194,ria,balanced_planner,Balanced Planner,medium,low,high,emerging,163,263294692.26,1.0,1.0
ADV0028,Advisor 0028,wirehouse,conservative_income,Conservative Income,low,low,high,tenured,204,262677267.23,0.85,1.2
ADV0351,Advisor 0351,ria,balanced_planner,Balanced Planner,medium,low,high,established,191,262284033.95,1.0,1.0
ADV0578,Advisor 0578,independent_broker_dealer,conservative_income,Conservative Income,low,low,high,established,244,261667321.73,0.85,1.2
ADV0403,Advisor 0403,regional_broker_dealer,growth_allocator,Growth Allocator,medium_high,medium,medium,tenured,267,261420915.59,1.15,0.9
ADV0657,Advisor 0657,wirehouse,conservative_income,Conservative Income,low,low,high,established,165,261337086.98,0.85,1.2
ADV0852,Advisor 0852,independent_broker_dealer,growth_allocator,Growth Allocator,medium_high,medium,medium,tenured,256,260957522.72,1.15,0.9
ADV0832,Advisor 0832,ria,conservative_income,Conservative Income,low,low,high,tenured,228,260921179.81,0.85,1.2
ADV0383,Advisor 0383,ria,growth_allocator,Growth Allocator,medium_high,medium,medium,emerging,172,260919598.16,1.15,0.9
ADV0089,Advisor 0089,ria,growth_allocator,Growth Allocator,medium_high,medium,medium,established,183,260793470.87,1.15,0.9
ADV0489,Advisor 0489,wirehouse,conservative_income,Conservative Income,low,low,high,established,172,259929675.94,0.85,1.2
ADV0059,Advisor 0059,insurance_broker_dealer,balanced_planner,Balanced Planner,medium,low,high,tenured,332,259752386.4,1.0,1.0
ADV0798,Advisor 0798,ria,growth_allocator,Growth Allocator,medium_high,medium,medium,established,170,259250396.74,1.15,0.9
ADV0510,Advisor 0510,independent_broker_dealer,balanced_planner,Balanced Planner,medium,low,high,established,248,258185108.43,1.0,1.0
ADV0401,Advisor 0401,wirehouse,balanced_planner,Balanced Planner,medium,low,high,emerging,161,258100577.2,1.0,1.0
ADV0920,Advisor 0920,independent_broker_dealer,balanced_planner,Balanced Planner,medium,low,high,established,253,257861120.56,1.0,1.0
ADV0375,Advisor 0375,independent_broker_dealer,growth_allocator,Growth Allocator,medium_high,medium,medium,established,191,257601125.92,1.15,0.9
ADV0708,Advisor 0708,ria,growth_allocator,Growth Allocator,medium_high,medium,medium,tenured,198,255961926.98,1.15,0.9
ADV0129,Advisor 0129,wirehouse,conservative_income,Conservative Income,low,low,high,tenured,159,255531078.61,0.85,1.2
ADV0062,Advisor 0062,private_bank,fixed_income_specialist,Fixed Income Specialist,low_medium,medium,high,established,123,254662862.71,0.95,1.05
ADV0813,Advisor 0813,independent_broker_dealer,growth_allocator,Growth Allocator,medium_high,medium,medium,tenured,245,254529826.07,1.15,0.9
ADV0214,Advisor 0214,regional_broker_dealer,growth_allocator,Growth Allocator,medium_high,medium,medium,tenured,255,254199179.99,1.15,0.9
ADV0558,Advisor 0558,wirehouse,alternative_specialist,Alternative Specialist,medium_high,medium,medium,established,203,253775442.54,1.05,0.95
ADV0094,Advisor 0094,regional_broker_dealer,conservative_income,Conservative Income,low,low,high,established,207,252891139.49,0.85,1.2
ADV0354,Advisor 0354,ria,alternative_specialist,Alternative Specialist,medium_high,medium,medium,established,221,252880467.24,1.05,0.95
ADV0583,Advisor 0583,regional_broker_dealer,conservative_income,Conservative Income,low,low,high,established,231,252301405.77,0.85,1.2
ADV0560,Advisor 0560,independent_broker_dealer,fixed_income_specialist,Fixed Income Specialist,low_medium,medium,high,established,243,249795795.58,0.95,1.05
ADV0119,Advisor 0119,wirehouse,active_trader,Active Trader,high,high,low,tenured,190,248397846.28,1.25,1.15
ADV0842,Advisor 0842,regional_broker_dealer,balanced_planner,Balanced Planner,medium,low,high,established,236,247310962.97,1.0,1.0
ADV0803,Advisor 0803,private_bank,alternative_specialist,Alternative Specialist,medium_high,medium,medium,established,124,246998040.96,1.05,0.95
ADV0622,Advisor 0622,ria,growth_allocator,Growth Allocator,medium_high,medium,medium,emerging,159,246656109.7,1.15,0.9
ADV0106,Advisor 0106,wirehouse,balanced_planner,Balanced Planner,medium,low,high,established,169,246073791.77,1.0,1.0
ADV0296,Advisor 0296,private_bank,balanced_planner,Balanced Planner,medium,low,high,emerging,94,243616744.91,1.0,1.0
ADV0794,Advisor 0794,wirehouse,balanced_planner,Balanced Planner,medium,low,high,established,176,243457661.94,1.0,1.0
ADV0546,Advisor 0546,ria,conservative_income,Conservative Income,low,low,high,tenured,189,242634388.33,0.85,1.2
ADV0413,Advisor 0413,wirehouse,balanced_planner,Balanced Planner,medium,low,high,emerging,139,242428072.24,1.0,1.0
ADV0310,Advisor 0310,independent_broker_dealer,conservative_income,Conservative Income,low,low,high,tenured,227,241814346.14,0.85,1.2
ADV0393,Advisor 0393,wirehouse,balanced_planner,Balanced Planner,medium,low,high,emerging,155,241399828.82,1.0,1.0
ADV0936,Advisor 0936,ria,balanced_planner,Balanced Planner,medium,low,high,established,166,241052213.49,1.0,1.0
ADV0180,Advisor 0180,ria,conservative_income,Conservative Income,low,low,high,tenured,175,240942542.71,0.85,1.2
ADV0458,Advisor 0458,independent_broker_dealer,active_trader,Active Trader,high,high,low,established,190,240569709.04,1.25,1.15
ADV0364,Advisor 0364,independent_broker_dealer,conservative_income,Conservative Income,low,low,high,established,212,239791040.0,0.85,1.2
ADV0848,Advisor 0848,wirehouse,conservative_income,Conservative Income,low,low,high,tenured,157,239308047.13,0.85,1.2
ADV0575,Advisor 0575,private_bank,growth_allocator,Growth Allocator,medium_high,medium,medium,tenured,122,238877296.43,1.15,0.9
ADV0502,Advisor 0502,wirehouse,fixed_income_specialist,Fixed Income Specialist,low_medium,medium,high,established,153,238229831.61,0.95,1.05
ADV0208,Advisor 0208,ria,balanced_planner,Balanced Planner,medium,low,high,tenured,218,237537031.98,1.0,1.0
ADV0639,Advisor 0639,independent_broker_dealer,growth_allocator,Growth Allocator,medium_high,medium,medium,tenured,233,235632718.99,1.15,0.9
ADV0178,Advisor 0178,wirehouse,conservative_income,Conservative Income,low,low,high,tenured,173,235366814.2,0.85,1.2
ADV0917,Advisor 0917,private_bank,conservative_income,Conservative Income,low,low,high,emerging,91,235299074.39,0.85,1.2
ADV0003,Advisor 0003,wirehouse,alternative_specialist,Alternative Specialist,medium_high,medium,medium,established,168,235258107.78,1.05,0.95
ADV0032,Advisor 0032,ria,growth_allocator,Growth Allocator,medium_high,medium,medium,emerging,136,235003581.68,1.15,0.9
ADV0074,Advisor 0074,wirehouse,balanced_planner,Balanced Planner,medium,low,high,established,153,234252563.0,1.0,1.0
ADV0993,Advisor 0993,wirehouse,balanced_planner,Balanced Planner,medium,low,high,tenured,165,234208116.22,1.0,1.0
ADV0659,Advisor 0659,ria,conservative_income,Conservative Income,low,low,high,established,161,233656107.96,0.85,1.2
ADV0641,Advisor 0641,ria,growth_allocator,Growth Allocator,medium_high,medium,medium,tenured,187,232887140.39,1.15,0.9
ADV0551,Advisor 0551,ria,growth_allocator,Growth Allocator,medium_high,medium,medium,emerging,143,231952521.06,1.15,0.9
ADV0241,Advisor 0241,wirehouse,fixed_income_specialist,Fixed Income Specialist,low_medium,medium,high,established,135,231698699.04,0.95,1.05
ADV0250,Advisor 0250,ria,balanced_planner,Balanced Planner,medium,low,high,emerging,162,231666984.16,1.0,1.0
ADV0671,Advisor 0671,ria,conservative_income,Conservative Income,low,low,high,established,158,231322705.37,0.85,1.2
ADV0124,Advisor 0124,ria,balanced_planner,Balanced Planner,medium,low,high,established,147,230890447.63,1.0,1.0
ADV0252,Advisor 0252,wirehouse,balanced_planner,Balanced Planner,medium,low,high,tenured,159,229510283.17,1.0,1.0
ADV0886,Advisor 0886,ria,active_trader,Active Trader,high,high,low,established,194,228764044.62,1.25,1.15
ADV0802,Advisor 0802,wirehouse,conservative_income,Conservative Income,low,low,high,tenured,181,228469720.39,0.85,1.2
ADV0256,Advisor 0256,regional_broker_dealer,alternative_specialist,Alternative Specialist,medium_high,medium,medium,established,218,228399430.62,1.05,0.95
ADV0995,Advisor 0995,wirehouse,growth_allocator,Growth Allocator,medium_high,medium,medium,tenured,184,227482769.03,1.15,0.9
ADV0770,Advisor 0770,independent_broker_dealer,growth_allocator,Growth Allocator,medium_high,medium,medium,established,204,227345724.59,1.15,0.9
ADV0055,Advisor 0055,independent_broker_dealer,balanced_planner,Balanced Planner,medium,low,high,tenured,206,225775104.26,1.0,1.0
ADV0500,Advisor 0500,wirehouse,growth_allocator,Growth Allocator,medium_high,medium,medium,emerging,155,224630510.64,1.15,0.9
ADV0141,Advisor 0141,wirehouse,active_trader,Active Trader,high,high,low,established,147,223474840.2,1.25,1.15
ADV0933,Advisor 0933,wirehouse,balanced_planner,Balanced Planner,medium,low,high,tenured,143,223434797.64,1.0,1.0
ADV0797,Advisor 0797,independent_broker_dealer,balanced_planner,Balanced Planner,medium,low,high,established,203,222814225.06,1.0,1.0
ADV0457,Advisor 0457,independent_broker_dealer,active_trader,Active Trader,high,high,low,emerging,165,222798846.85,1.25,1.15
ADV0188,Advisor 0188,wirehouse,conservative_income,Conservative Income,low,low,high,established,140,222026544.76,0.85,1.2
ADV0273,Advisor 0273,independent_broker_dealer,balanced_planner,Balanced Planner,medium,low,high,established,228,221605979.67,1.0,1.0
ADV0861,Advisor 0861,private_bank,balanced_planner,Balanced Planner,medium,low,high,tenured,116,220578237.46,1.0,1.0
ADV0008,Advisor 0008,wirehouse,balanced_planner,Balanced Planner,medium,low,high,tenured,151,220442456.71,1.0,1.0
ADV0363,Advisor 0363,wirehouse,active_trader,Active Trader,high,high,low,emerging,118,220339372.84,1.25,1.15
ADV0985,Advisor 0985,independent_broker_dealer,balanced_planner,Balanced Planner,medium,low,high,tenured,198,220205151.29,1.0,1.0
ADV0950,Advisor 0950,ria,active_trader,Active Trader,high,high,low,emerging,150,219955543.04,1.25,1.15
ADV0887,Advisor 0887,regional_broker_dealer,growth_allocator,Growth Allocator,medium_high,medium,medium,established,212,218090768.25,1.15,0.9
ADV0512,Advisor 0512,ria,growth_allocator,Growth Allocator,medium_high,medium,medium,established,169,217517443.05,1.15,0.9
ADV0236,Advisor 0236,wirehouse,balanced_planner,Balanced Planner,medium,low,high,established,160,217343808.99,1.0,1.0
ADV0989,Advisor 0989,wirehouse,balanced_planner,Balanced Planner,medium,low,high,established,159,216133534.51,1.0,1.0
ADV0007,Advisor 0007,independent_broker_dealer,balanced_planner,Balanced Planner,medium,low,high,established,191,215803888.62,1.0,1.0
ADV0421,Advisor 0421,ria,balanced_planner,Balanced Planner,medium,low,high,tenured,144,215164454.61,1.0,1.0
ADV0745,Advisor 0745,wirehouse,active_trader,Active Trader,high,high,low,established,125,213830288.22,1.25,1.15
ADV0801,Advisor 0801,independent_broker_dealer,conservative_income,Conservative Income,low,low,high,established,143,213436468.79,0.85,1.2
ADV0819,Advisor 0819,independent_broker_dealer,balanced_planner,Balanced Planner,medium,low,high,emerging,181,213328233.77,1.0,1.0
ADV0910,Advisor 0910,independent_broker_dealer,conservative_income,Conservative Income,low,low,high,established,196,212386942.39,0.85,1.2
ADV0464,Advisor 0464,ria,alternative_specialist,Alternative Specialist,medium_high,medium,medium,established,152,212345600.43,1.05,0.95
ADV0501,Advisor 0501,wirehouse,balanced_planner,Balanced Planner,medium,low,high,tenured,158,212173414.26,1.0,1.0
ADV0232,Advisor 0232,wirehouse,conservative_income,Conservative Income,low,low,high,established,134,212007722.2,0.85,1.2
ADV0683,Advisor 0683,wirehouse,balanced_planner,Balanced Planner,medium,low,high,tenured,142,211896878.35,1.0,1.0
ADV0612,Advisor 0612,private_bank,active_trader,Active Trader,high,high,low,established,105,211616510.07,1.25,1.15
ADV0660,Advisor 0660,private_bank,active_trader,Active Trader,high,high,low,tenured,112,211573096.84,1.25,1.15
ADV0597,Advisor 0597,wirehouse,growth_allocator,Growth Allocator,medium_high,medium,medium,tenured,139,211351770.95,1.15,0.9
ADV0211,Advisor 0211,insurance_broker_dealer,conservative_income,Conservative Income,low,low,high,tenured,234,210878796.64,0.85,1.2
ADV0037,Advisor 0037,wirehouse,active_trader,Active Trader,high,high,low,tenured,155,210530001.76,1.25,1.15
ADV0420,Advisor 0420,independent_broker_dealer,growth_allocator,Growth Allocator,medium_high,medium,medium,established,194,209175308.04,1.15,0.9
ADV0160,Advisor 0160,ria,balanced_planner,Balanced Planner,medium,low,high,established,159,208256040.58,1.0,1.0
ADV0748,Advisor 0748,wirehouse,fixed_income_specialist,Fixed Income Specialist,low_medium,medium,high,established,139,208015701.42,0.95,1.05
ADV0210,Advisor 0210,insurance_broker_dealer,growth_allocator,Growth Allocator,medium_high,medium,medium,tenured,242,207275193.47,1.15,0.9
ADV0655,Advisor 0655,wirehouse,growth_allocator,Growth Allocator,medium_high,medium,medium,tenured,153,206985143.33,1.15,0.9
ADV0603,Advisor 0603,ria,balanced_planner,Balanced Planner,medium,low,high,established,157,206439141.55,1.0,1.0
ADV0540,Advisor 0540,regional_broker_dealer,balanced_planner,Balanced Planner,medium,low,high,established,193,206235675.37,1.0,1.0
ADV0358,Advisor 0358,ria,fixed_income_specialist,Fixed Income Specialist,low_medium,medium,high,tenured,187,205761069.48,0.95,1.05
ADV0193,Advisor 0193,wirehouse,balanced_planner,Balanced Planner,medium,low,high,tenured,153,205647471.65,1.0,1.0
ADV0692,Advisor 0692,independent_broker_dealer,active_trader,Active Trader,high,high,low,tenured,203,205054806.89,1.25,1.15
ADV0569,Advisor 0569,ria,growth_allocator,Growth Allocator,medium_high,medium,medium,tenured,155,204238903.08,1.15,0.9
ADV0280,Advisor 0280,ria,fixed_income_specialist,Fixed Income Specialist,low_medium,medium,high,established,146,203477329.05,0.95,1.05
ADV0308,Advisor 0308,wirehouse,balanced_planner,Balanced Planner,medium,low,high,tenured,148,203108597.11,1.0,1.0
ADV0493,Advisor 0493,wirehouse,fixed_income_specialist,Fixed Income Specialist,low_medium,medium,high,emerging,130,202298283.86,0.95,1.05
ADV0617,Advisor 0617,wirehouse,alternative_specialist,Alternative Specialist,medium_high,medium,medium,tenured,147,201853065.14,1.05,0.95
ADV0988,Advisor 0988,independent_broker_dealer,balanced_planner,Balanced Planner,medium,low,high,tenured,172,201235405.08,1.0,1.0
ADV0839,Advisor 0839,ria,growth_allocator,Growth Allocator,medium_high,medium,medium,established,163,201182256.24,1.15,0.9
ADV0557,Advisor 0557,wirehouse,growth_allocator,Growth Allocator,medium_high,medium,medium,established,128,200542226.89,1.15,0.9
ADV0720,Advisor 0720,ria,growth_allocator,Growth Allocator,medium_high,medium,medium,established,158,200394159.15,1.15,0.9
ADV0586,Advisor 0586,regional_broker_dealer,balanced_planner,Balanced Planner,medium,low,high,established,170,200011504.33,1.0,1.0
ADV0154,Advisor 0154,wirehouse,fixed_income_specialist,Fixed Income Specialist,low_medium,medium,high,emerging,96,199806403.03,0.95,1.05
ADV0097,Advisor 0097,independent_broker_dealer,alternative_specialist,Alternative Specialist,medium_high,medium,medium,tenured,188,199244531.49,1.05,0.95
ADV0318,Advisor 0318,regional_broker_dealer,balanced_planner,Balanced Planner,medium,low,high,established,173,199020392.81,1.0,1.0
ADV0231,Advisor 0231,wirehouse,conservative_income,Conservative Income,low,low,high,established,140,198044157.55,0.85,1.2
ADV0808,Advisor 0808,independent_broker_dealer,conservative_income,Conservative Income,low,low,high,tenured,191,197711061.65,0.85,1.2
ADV0532,Advisor 0532,wirehouse,alternative_specialist,Alternative Specialist,medium_high,medium,medium,established,142,196903854.56,1.05,0.95
ADV0740,Advisor 0740,wirehouse,balanced_planner,Balanced Planner,medium,low,high,established,116,196370473.99,1.0,1.0
ADV0138,Advisor 0138,regional_broker_dealer,balanced_planner,Balanced Planner,medium,low,high,tenured,202,195388249.24,1.0,1.0
ADV0331,Advisor 0331,insurance_broker_dealer,balanced_planner,Balanced Planner,medium,low,high,tenured,228,195379925.89,1.0,1.0
ADV0971,Advisor 0971,private_bank,growth_allocator,Growth Allocator,medium_high,medium,medium,established,93,194449245.95,1.15,0.9
ADV0104,Advisor 0104,wirehouse,balanced_planner,Balanced Planner,medium,low,high,tenured,136,194110217.13,1.0,1.0
ADV0781,Advisor 0781,insurance_broker_dealer,fixed_income_specialist,Fixed Income Specialist,low_medium,medium,high,established,191,193777341.08,0.95,1.05
ADV0709,Advisor 0709,regional_broker_dealer,balanced_planner,Balanced Planner,medium,low,high,established,189,193730928.59,1.0,1.0
ADV0145,Advisor 0145,private_bank,fixed_income_specialist,Fixed Income Specialist,low_medium,medium,high,tenured,105,192515716.49,0.95,1.05
ADV0254,Advisor 0254,wirehouse,alternative_specialist,Alternative Specialist,medium_high,medium,medium,established,131,192458721.22,1.05,0.95
ADV0827,Advisor 0827,wirehouse,growth_allocator,Growth Allocator,medium_high,medium,medium,established,142,192024190.96,1.15,0.9
ADV0246,Advisor 0246,independent_broker_dealer,conservative_income,Conservative Income,low,low,high,tenured,192,191667097.78,0.85,1.2
ADV0635,Advisor 0635,independent_broker_dealer,growth_allocator,Growth Allocator,medium_high,medium,medium,tenured,190,191066085.8,1.15,0.9
ADV0205,Advisor 0205,regional_broker_dealer,active_trader,Active Trader,high,high,low,established,178,190311332.49,1.25,1.15
ADV0901,Advisor 0901,wirehouse,alternative_specialist,Alternative Specialist,medium_high,medium,medium,established,132,190125409.5,1.05,0.95
ADV0791,Advisor 0791,private_bank,growth_allocator,Growth Allocator,medium_high,medium,medium,tenured,108,190104103.16,1.15,0.9
ADV0281,Advisor 0281,wirehouse,active_trader,Active Trader,high,high,low,tenured,125,189775299.16,1.25,1.15
ADV0282,Advisor 0282,wirehouse,balanced_planner,Balanced Planner,medium,low,high,established,133,189514483.86,1.0,1.0
ADV0549,Advisor 0549,wirehouse,growth_allocator,Growth Allocator,medium_high,medium,medium,emerging,113,188995203.19,1.15,0.9
ADV0483,Advisor 0483,private_bank,conservative_income,Conservative Income,low,low,high,established,95,188243783.99,0.85,1.2
ADV0423,Advisor 0423,wirehouse,growth_allocator,Growth Allocator,medium_high,medium,medium,emerging,128,187361426.52,1.15,0.9
ADV0098,Advisor 0098,independent_broker_dealer,conservative_income,Conservative Income,low,low,high,established,156,186062912.4,0.85,1.2
ADV0648,Advisor 0648,independent_broker_dealer,active_trader,Active Trader,high,high,low,established,169,185846981.13,1.25,1.15
ADV0080,Advisor 0080,insurance_broker_dealer,balanced_planner,Balanced Planner,medium,low,high,tenured,205,185045428.4,1.0,1.0
ADV0604,Advisor 0604,ria,growth_allocator,Growth Allocator,medium_high,medium,medium,emerging,104,184453887.26,1.15,0.9
ADV0365,Advisor 0365,wirehouse,active_trader,Active Trader,high,high,low,established,138,184209080.38,1.25,1.15
ADV0054,Advisor 0054,independent_broker_dealer,growth_allocator,Growth Allocator,medium_high,medium,medium,established,165,183474205.22,1.15,0.9
ADV0875,Advisor 0875,wirehouse,conservative_income,Conservative Income,low,low,high,tenured,139,183316383.16,0.85,1.2
ADV0222,Advisor 0222,ria,growth_allocator,Growth Allocator,medium_high,medium,medium,established,145,183090865.17,1.15,0.9
ADV0185,Advisor 0185,independent_broker_dealer,balanced_planner,Balanced Planner,medium,low,high,established,141,182529921.85,1.0,1.0
ADV0829,Advisor 0829,independent_broker_dealer,active_trader,Active Trader,high,high,low,tenured,161,182508569.91,1.25,1.15
ADV0913,Advisor 0913,regional_broker_dealer,alternative_specialist,Alternative Specialist,medium_high,medium,medium,established,151,182336865.5,1.05,0.95
ADV0568,Advisor 0568,regional_broker_dealer,active_trader,Active Trader,high,high,low,established,177,180893236.83,1.25,1.15
ADV0366,Advisor 0366,insurance_broker_dealer,growth_allocator,Growth Allocator,medium_high,medium,medium,established,225,180683056.1,1.15,0.9
ADV0495,Advisor 0495,ria,active_trader,Active Trader,high,high,low,established,119,180348947.37,1.25,1.15
ADV0414,Advisor 0414,independent_broker_dealer,conservative_income,Conservative Income,low,low,high,established,147,179543541.25,0.85,1.2
ADV0979,Advisor 0979,private_bank,conservative_income,Conservative Income,low,low,high,established,90,178694800.62,0.85,1.2
ADV0397,Advisor 0397,regional_broker_dealer,alternative_specialist,Alternative Specialist,medium_high,medium,medium,established,141,178102810.61,1.05,0.95
ADV0071,Advisor 0071,ria,fixed_income_specialist,Fixed Income Specialist,low_medium,medium,high,established,152,176356049.25,0.95,1.05
ADV0731,Advisor 0731,independent_broker_dealer,growth_allocator,Growth Allocator,medium_high,medium,medium,established,152,176034795.69,1.15,0.9
ADV0715,Advisor 0715,ria,balanced_planner,Balanced Planner,medium,low,high,established,139,175401426.23,1.0,1.0
ADV0197,Advisor 0197,ria,balanced_planner,Balanced Planner,medium,low,high,emerging,105,174333445.47,1.0,1.0
ADV0835,Advisor 0835,wirehouse,conservative_income,Conservative Income,low,low,high,established,115,173776458.64,0.85,1.2
ADV0077,Advisor 0077,regional_broker_dealer,balanced_planner,Balanced Planner,medium,low,high,established,180,173679703.72,1.0,1.0
ADV0311,Advisor 0311,ria,fixed_income_specialist,Fixed Income Specialist,low_medium,medium,high,established,114,173035130.61,0.95,1.05
ADV0156,Advisor 0156,independent_broker_dealer,balanced_planner,Balanced Planner,medium,low,high,established,152,172909914.77,1.0,1.0
ADV0690,Advisor 0690,independent_broker_dealer,fixed_income_specialist,Fixed Income Specialist,low_medium,medium,high,established,150,172877265.55,0.95,1.05
ADV0945,Advisor 0945,regional_broker_dealer,conservative_income,Conservative Income,low,low,high,established,169,172643553.74,0.85,1.2
ADV0472,Advisor 0472,regional_broker_dealer,fixed_income_specialist,Fixed Income Specialist,low_medium,medium,high,established,169,172572354.16,0.95,1.05
ADV0328,Advisor 0328,wirehouse,balanced_planner,Balanced Planner,medium,low,high,emerging,99,171831230.19,1.0,1.0
ADV0689,Advisor 0689,independent_broker_dealer,conservative_income,Conservative Income,low,low,high,tenured,146,171571292.41,0.85,1.2
ADV0761,Advisor 0761,ria,growth_allocator,Growth Allocator,medium_high,medium,medium,established,124,171527313.96,1.15,0.9
ADV0550,Advisor 0550,regional_broker_dealer,balanced_planner,Balanced Planner,medium,low,high,established,168,171311017.23,1.0,1.0
ADV0408,Advisor 0408,regional_broker_dealer,balanced_planner,Balanced Planner,medium,low,high,tenured,191,171202890.87,1.0,1.0
ADV0069,Advisor 0069,insurance_broker_dealer,conservative_income,Conservative Income,low,low,high,established,195,171016622.59,0.85,1.2
ADV0831,Advisor 0831,ria,growth_allocator,Growth Allocator,medium_high,medium,medium,established,138,170974000.11,1.15,0.9
ADV0114,Advisor 0114,independent_broker_dealer,balanced_planner,Balanced Planner,medium,low,high,established,135,170753314.99,1.0,1.0
ADV0621,Advisor 0621,independent_broker_dealer,balanced_planner,Balanced Planner,medium,low,high,established,145,170574114.47,1.0,1.0
ADV0572,Advisor 0572,ria,balanced_planner,Balanced Planner,medium,low,high,tenured,144,169362964.06,1.0,1.0
ADV0777,Advisor 0777,regional_broker_dealer,growth_allocator,Growth Allocator,medium_high,medium,medium,established,165,169228932.72,1.15,0.9
ADV0448,Advisor 0448,insurance_broker_dealer,active_trader,Active Trader,high,high,low,tenured,187,169196446.37,1.25,1.15
ADV0823,Advisor 0823,independent_broker_dealer,growth_allocator,Growth Allocator,medium_high,medium,medium,established,157,168809225.1,1.15,0.9
ADV0778,Advisor 0778,ria,alternative_specialist,Alternative Specialist,medium_high,medium,medium,established,117,167709387.39,1.05,0.95
ADV0547,Advisor 0547,ria,growth_allocator,Growth Allocator,medium_high,medium,medium,tenured,121,167394597.93,1.15,0.9
ADV0121,Advisor 0121,independent_broker_dealer,growth_allocator,Growth Allocator,medium_high,medium,medium,established,145,166414606.36,1.15,0.9
ADV0815,Advisor 0815,regional_broker_dealer,fixed_income_specialist,Fixed Income Specialist,low_medium,medium,high,established,169,166081321.23,0.95,1.05
ADV0477,Advisor 0477,independent_broker_dealer,active_trader,Active Trader,high,high,low,tenured,158,165569585.03,1.25,1.15
ADV0643,Advisor 0643,ria,fixed_income_specialist,Fixed Income Specialist,low_medium,medium,high,tenured,125,165210482.26,0.95,1.05
ADV0436,Advisor 0436,independent_broker_dealer,balanced_planner,Balanced Planner,medium,low,high,tenured,160,165037801.96,1.0,1.0
ADV0400,Advisor 0400,ria,balanced_planner,Balanced Planner,medium,low,high,established,126,164682477.87,1.0,1.0
ADV0132,Advisor 0132,ria,active_trader,Active Trader,high,high,low,tenured,145,164677382.77,1.25,1.15
ADV0060,Advisor 0060,independent_broker_dealer,conservative_income,Conservative Income,low,low,high,tenured,150,164233050.14,0.85,1.2
ADV0151,Advisor 0151,wirehouse,fixed_income_specialist,Fixed Income Specialist,low_medium,medium,high,established,107,164183132.11,0.95,1.05
ADV0729,Advisor 0729,independent_broker_dealer,conservative_income,Conservative Income,low,low,high,tenured,139,162165818.05,0.85,1.2
ADV0192,Advisor 0192,insurance_broker_dealer,balanced_planner,Balanced Planner,medium,low,high,established,164,161907332.35,1.0,1.0
ADV0580,Advisor 0580,regional_broker_dealer,growth_allocator,Growth Allocator,medium_high,medium,medium,tenured,174,161382179.72,1.15,0.9
ADV0027,Advisor 0027,wirehouse,fixed_income_specialist,Fixed Income Specialist,low_medium,medium,high,established,111,160892604.98,0.95,1.05
ADV0746,Advisor 0746,private_bank,growth_allocator,Growth Allocator,medium_high,medium,medium,emerging,67,160517927.56,1.15,0.9
ADV0399,Advisor 0399,independent_broker_dealer,fixed_income_specialist,Fixed Income Specialist,low_medium,medium,high,established,144,160140377.25,0.95,1.05
ADV0428,Advisor 0428,ria,conservative_income,Conservative Income,low,low,high,established,107,159823828.72,0.85,1.2
ADV0321,Advisor 0321,wirehouse,growth_allocator,Growth Allocator,medium_high,medium,medium,emerging,103,159799619.74,1.15,0.9
ADV0012,Advisor 0012,ria,balanced_planner,Balanced Planner,medium,low,high,established,114,159598249.15,1.0,1.0
ADV0966,Advisor 0966,wirehouse,active_trader,Active Trader,high,high,low,tenured,131,159597266.82,1.25,1.15
ADV0783,Advisor 0783,wirehouse,growth_allocator,Growth Allocator,medium_high,medium,medium,tenured,99,159094610.31,1.15,0.9
ADV0051,Advisor 0051,independent_broker_dealer,balanced_planner,Balanced Planner,medium,low,high,tenured,161,158489304.43,1.0,1.0
ADV0515,Advisor 0515,private_bank,growth_allocator,Growth Allocator,medium_high,medium,medium,established,82,158185051.01,1.15,0.9
ADV0513,Advisor 0513,independent_broker_dealer,conservative_income,Conservative Income,low,low,high,established,159,156643698.83,0.85,1.2
ADV0836,Advisor 0836,wirehouse,conservative_income,Conservative Income,low,low,high,tenured,104,155832986.33,0.85,1.2
ADV0134,Advisor 0134,ria,balanced_planner,Balanced Planner,medium,low,high,established,118,155103689.97,1.0,1.0
ADV0314,Advisor 0314,independent_broker_dealer,fixed_income_specialist,Fixed Income Specialist,low_medium,medium,high,tenured,139,154382297.8,0.95,1.05
ADV0415,Advisor 0415,regional_broker_dealer,conservative_income,Conservative Income,low,low,high,tenured,173,154188055.57,0.85,1.2
ADV0065,Advisor 0065,regional_broker_dealer,balanced_planner,Balanced Planner,medium,low,high,emerging,152,154179897.81,1.0,1.0
ADV0723,Advisor 0723,ria,fixed_income_specialist,Fixed Income Specialist,low_medium,medium,high,tenured,134,153987416.2,0.95,1.05
ADV0552,Advisor 0552,regional_broker_dealer,conservative_income,Conservative Income,low,low,high,emerging,129,153865763.46,0.85,1.2
ADV0148,Advisor 0148,independent_broker_dealer,balanced_planner,Balanced Planner,medium,low,high,established,137,153711577.02,1.0,1.0
ADV0873,Advisor 0873,independent_broker_dealer,growth_allocator,Growth Allocator,medium_high,medium,medium,tenured,152,153637890.61,1.15,0.9
ADV0681,Advisor 0681,regional_broker_dealer,balanced_planner,Balanced Planner,medium,low,high,established,155,153427851.45,1.0,1.0
ADV0046,Advisor 0046,ria,active_trader,Active Trader,high,high,low,established,90,153224310.51,1.25,1.15
ADV0696,Advisor 0696,insurance_broker_dealer,alternative_specialist,Alternative Specialist,medium_high,medium,medium,established,175,152127514.0,1.05,0.95
ADV0526,Advisor 0526,wirehouse,active_trader,Active Trader,high,high,low,tenured,112,152014816.28,1.25,1.15
ADV0018,Advisor 0018,ria,balanced_planner,Balanced Planner,medium,low,high,established,99,151190412.65,1.0,1.0
ADV0598,Advisor 0598,ria,growth_allocator,Growth Allocator,medium_high,medium,medium,established,111,150771836.91,1.15,0.9
ADV0694,Advisor 0694,wirehouse,growth_allocator,Growth Allocator,medium_high,medium,medium,tenured,120,149746346.24,1.15,0.9
ADV0525,Advisor 0525,ria,conservative_income,Conservative Income,low,low,high,tenured,133,149390143.91,0.85,1.2
ADV0290,Advisor 0290,regional_broker_dealer,conservative_income,Conservative Income,low,low,high,tenured,162,148824728.97,0.85,1.2
ADV0882,Advisor 0882,independent_broker_dealer,fixed_income_specialist,Fixed Income Specialist,low_medium,medium,high,established,128,148737828.69,0.95,1.05
ADV0921,Advisor 0921,ria,conservative_income,Conservative Income,low,low,high,emerging,109,148726956.28,0.85,1.2
ADV0978,Advisor 0978,wirehouse,conservative_income,Conservative Income,low,low,high,established,101,147293384.6,0.85,1.2
ADV0771,Advisor 0771,ria,balanced_planner,Balanced Planner,medium,low,high,tenured,119,145984177.66,1.0,1.0
ADV0013,Advisor 0013,independent_broker_dealer,active_trader,Active Trader,high,high,low,established,123,145817338.73,1.25,1.15
ADV0528,Advisor 0528,wirehouse,growth_allocator,Growth Allocator,medium_high,medium,medium,established,93,145247775.89,1.15,0.9
ADV0986,Advisor 0986,wirehouse,balanced_planner,Balanced Planner,medium,low,high,established,90,145097838.84,1.0,1.0
ADV0478,Advisor 0478,insurance_broker_dealer,conservative_income,Conservative Income,low,low,high,emerging,162,145092988.14,0.85,1.2
ADV0755,Advisor 0755,wirehouse,balanced_planner,Balanced Planner,medium,low,high,established,103,143596265.72,1.0,1.0
ADV0102,Advisor 0102,independent_broker_dealer,fixed_income_specialist,Fixed Income Specialist,low_medium,medium,high,established,143,143554399.08,0.95,1.05
ADV0025,Advisor 0025,independent_broker_dealer,balanced_planner,Balanced Planner,medium,low,high,tenured,132,141951770.14,1.0,1.0
ADV0409,Advisor 0409,independent_broker_dealer,balanced_planner,Balanced Planner,medium,low,high,established,123,141546757.08,1.0,1.0
ADV0780,Advisor 0780,independent_broker_dealer,balanced_planner,Balanced Planner,medium,low,high,established,107,141531503.68,1.0,1.0
ADV0800,Advisor 0800,regional_broker_dealer,balanced_planner,Balanced Planner,medium,low,high,tenured,142,141241974.34,1.0,1.0
ADV0923,Advisor 0923,wirehouse,balanced_planner,Balanced Planner,medium,low,high,emerging,78,140461563.38,1.0,1.0
ADV0087,Advisor 0087,regional_broker_dealer,balanced_planner,Balanced Planner,medium,low,high,tenured,137,139956680.8,1.0,1.0
ADV0534,Advisor 0534,insurance_broker_dealer,fixed_income_specialist,Fixed Income Specialist,low_medium,medium,high,tenured,152,139546290.7,0.95,1.05
ADV0878,Advisor 0878,regional_broker_dealer,active_trader,Active Trader,high,high,low,established,136,139253656.65,1.25,1.15
ADV0576,Advisor 0576,ria,balanced_planner,Balanced Planner,medium,low,high,emerging,99,138735882.45,1.0,1.0
ADV0713,Advisor 0713,wirehouse,growth_allocator,Growth Allocator,medium_high,medium,medium,established,96,138299799.65,1.15,0.9
ADV0565,Advisor 0565,wirehouse,fixed_income_specialist,Fixed Income Specialist,low_medium,medium,high,established,90,137998071.68,0.95,1.05
ADV0402,Advisor 0402,regional_broker_dealer,growth_allocator,Growth Allocator,medium_high,medium,medium,established,135,137926065.01,1.15,0.9
ADV0370,Advisor 0370,independent_broker_dealer,growth_allocator,Growth Allocator,medium_high,medium,medium,established,127,137781165.79,1.15,0.9
ADV0847,Advisor 0847,wirehouse,fixed_income_specialist,Fixed Income Specialist,low_medium,medium,high,emerging,72,137417595.93,0.95,1.05
ADV0450,Advisor 0450,ria,fixed_income_specialist,Fixed Income Specialist,low_medium,medium,high,established,108,137404143.49,0.95,1.05
ADV0411,Advisor 0411,independent_broker_dealer,alternative_specialist,Alternative Specialist,medium_high,medium,medium,established,110,137025902.91,1.05,0.95
ADV0029,Advisor 0029,wirehouse,growth_allocator,Growth Allocator,medium_high,medium,medium,tenured,104,136471116.18,1.15,0.9
ADV0108,Advisor 0108,private_bank,active_trader,Active Trader,high,high,low,tenured,64,136438581.3,1.25,1.15
ADV0888,Advisor 0888,ria,growth_allocator,Growth Allocator,medium_high,medium,medium,tenured,105,136196522.89,1.15,0.9
ADV0090,Advisor 0090,wirehouse,balanced_planner,Balanced Planner,medium,low,high,established,84,136041693.82,1.0,1.0
ADV0943,Advisor 0943,independent_broker_dealer,conservative_income,Conservative Income,low,low,high,tenured,138,135804157.58,0.85,1.2
ADV0120,Advisor 0120,ria,conservative_income,Conservative Income,low,low,high,established,90,135566134.89,0.85,1.2
ADV0595,Advisor 0595,wirehouse,alternative_specialist,Alternative Specialist,medium_high,medium,medium,established,96,135465735.0,1.05,0.95
ADV0899,Advisor 0899,independent_broker_dealer,growth_allocator,Growth Allocator,medium_high,medium,medium,established,141,135198209.09,1.15,0.9
ADV0818,Advisor 0818,ria,balanced_planner,Balanced Planner,medium,low,high,tenured,105,135108868.08,1.0,1.0
ADV0996,Advisor 0996,regional_broker_dealer,balanced_planner,Balanced Planner,medium,low,high,emerging,128,134732133.94,1.0,1.0
ADV0891,Advisor 0891,regional_broker_dealer,conservative_income,Conservative Income,low,low,high,established,128,134212551.47,0.85,1.2
ADV0081,Advisor 0081,independent_broker_dealer,balanced_planner,Balanced Planner,medium,low,high,emerging,92,134187054.76,1.0,1.0
ADV0298,Advisor 0298,wirehouse,growth_allocator,Growth Allocator,medium_high,medium,medium,established,81,133933199.46,1.15,0.9
ADV0843,Advisor 0843,independent_broker_dealer,balanced_planner,Balanced Planner,medium,low,high,established,121,133847606.06,1.0,1.0
ADV0930,Advisor 0930,wirehouse,fixed_income_specialist,Fixed Income Specialist,low_medium,medium,high,tenured,105,133816219.07,0.95,1.05
ADV0987,Advisor 0987,insurance_broker_dealer,active_trader,Active Trader,high,high,low,tenured,180,133632242.08,1.25,1.15
ADV0949,Advisor 0949,regional_broker_dealer,growth_allocator,Growth Allocator,medium_high,medium,medium,established,124,133543531.67,1.15,0.9
ADV0523,Advisor 0523,wirehouse,growth_allocator,Growth Allocator,medium_high,medium,medium,emerging,85,133182401.89,1.15,0.9
ADV0340,Advisor 0340,ria,balanced_planner,Balanced Planner,medium,low,high,established,83,132261955.46,1.0,1.0
ADV0625,Advisor 0625,independent_broker_dealer,growth_allocator,Growth Allocator,medium_high,medium,medium,tenured,130,132004639.5,1.15,0.9
ADV0932,Advisor 0932,ria,growth_allocator,Growth Allocator,medium_high,medium,medium,established,99,131908879.28,1.15,0.9
ADV0127,Advisor 0127,wirehouse,fixed_income_specialist,Fixed Income Specialist,low_medium,medium,high,established,90,131836630.45,0.95,1.05
ADV0303,Advisor 0303,ria,balanced_planner,Balanced Planner,medium,low,high,established,83,130657397.04,1.0,1.0
ADV0042,Advisor 0042,ria,conservative_income,Conservative Income,low,low,high,emerging,87,130650719.81,0.85,1.2
ADV0554,Advisor 0554,wirehouse,alternative_specialist,Alternative Specialist,medium_high,medium,medium,emerging,79,128754193.05,1.05,0.95
ADV0356,Advisor 0356,private_bank,conservative_income,Conservative Income,low,low,high,tenured,58,128597132.66,0.85,1.2
ADV0867,Advisor 0867,private_bank,conservative_income,Conservative Income,low,low,high,tenured,56,128353687.75,0.85,1.2
ADV0962,Advisor 0962,ria,alternative_specialist,Alternative Specialist,medium_high,medium,medium,established,108,127817448.76,1.05,0.95
ADV0010,Advisor 0010,wirehouse,growth_allocator,Growth Allocator,medium_high,medium,medium,established,89,127727783.24,1.15,0.9
ADV0589,Advisor 0589,insurance_broker_dealer,conservative_income,Conservative Income,low,low,high,established,135,126949831.6,0.85,1.2
ADV0269,Advisor 0269,regional_broker_dealer,conservative_income,Conservative Income,low,low,high,established,120,126813653.76,0.85,1.2
ADV0440,Advisor 0440,insurance_broker_dealer,growth_allocator,Growth Allocator,medium_high,medium,medium,emerging,135,126064594.31,1.15,0.9
ADV0155,Advisor 0155,regional_broker_dealer,alternative_specialist,Alternative Specialist,medium_high,medium,medium,tenured,142,125826961.45,1.05,0.95
ADV0865,Advisor 0865,wirehouse,growth_allocator,Growth Allocator,medium_high,medium,medium,emerging,81,125744295.77,1.15,0.9
ADV0506,Advisor 0506,wirehouse,growth_allocator,Growth Allocator,medium_high,medium,medium,tenured,99,125652200.03,1.15,0.9
ADV0036,Advisor 0036,ria,growth_allocator,Growth Allocator,medium_high,medium,medium,emerging,80,125541613.37,1.15,0.9
ADV0105,Advisor 0105,wirehouse,balanced_planner,Balanced Planner,medium,low,high,tenured,95,124581876.96,1.0,1.0
ADV0903,Advisor 0903,wirehouse,balanced_planner,Balanced Planner,medium,low,high,established,77,123514824.95,1.0,1.0
ADV0024,Advisor 0024,regional_broker_dealer,conservative_income,Conservative Income,low,low,high,tenured,115,123047920.09,0.85,1.2
ADV0172,Advisor 0172,independent_broker_dealer,fixed_income_specialist,Fixed Income Specialist,low_medium,medium,high,emerging,101,122860590.21,0.95,1.05
ADV0610,Advisor 0610,ria,balanced_planner,Balanced Planner,medium,low,high,tenured,101,122787309.16,1.0,1.0
ADV0970,Advisor 0970,ria,balanced_planner,Balanced Planner,medium,low,high,established,97,122707968.42,1.0,1.0
ADV0166,Advisor 0166,wirehouse,balanced_planner,Balanced Planner,medium,low,high,established,79,122493436.06,1.0,1.0
ADV0714,Advisor 0714,wirehouse,balanced_planner,Balanced Planner,medium,low,high,established,92,122374132.66,1.0,1.0
ADV0686,Advisor 0686,wirehouse,balanced_planner,Balanced Planner,medium,low,high,established,90,122182215.73,1.0,1.0
ADV0270,Advisor 0270,wirehouse,growth_allocator,Growth Allocator,medium_high,medium,medium,tenured,87,121666633.37,1.15,0.9
ADV0494,Advisor 0494,insurance_broker_dealer,balanced_planner,Balanced Planner,medium,low,high,established,139,121362242.94,1.0,1.0
ADV0999,Advisor 0999,independent_broker_dealer,balanced_planner,Balanced Planner,medium,low,high,established,104,120862250.52,1.0,1.0
ADV0306,Advisor 0306,wirehouse,conservative_income,Conservative Income,low,low,high,established,81,120833826.77,0.85,1.2
ADV0342,Advisor 0342,independent_broker_dealer,balanced_planner,Balanced Planner,medium,low,high,tenured,127,120086945.71,1.0,1.0
ADV0251,Advisor 0251,wirehouse,active_trader,Active Trader,high,high,low,established,76,119816035.43,1.25,1.15
ADV0412,Advisor 0412,private_bank,balanced_planner,Balanced Planner,medium,low,high,established,68,119798115.46,1.0,1.0
ADV0057,Advisor 0057,wirehouse,balanced_planner,Balanced Planner,medium,low,high,established,86,119780228.48,1.0,1.0
ADV0570,Advisor 0570,independent_broker_dealer,conservative_income,Conservative Income,low,low,high,established,90,119565565.79,0.85,1.2
ADV0262,Advisor 0262,wirehouse,conservative_income,Conservative Income,low,low,high,tenured,85,119410962.69,0.85,1.2
ADV0544,Advisor 0544,regional_broker_dealer,conservative_income,Conservative Income,low,low,high,tenured,121,119022171.56,0.85,1.2
ADV0050,Advisor 0050,regional_broker_dealer,growth_allocator,Growth Allocator,medium_high,medium,medium,established,122,118904961.74,1.15,0.9
ADV0968,Advisor 0968,independent_broker_dealer,balanced_planner,Balanced Planner,medium,low,high,established,115,118894911.68,1.0,1.0
ADV0846,Advisor 0846,private_bank,growth_allocator,Growth Allocator,medium_high,medium,medium,established,57,118631271.48,1.15,0.9
ADV0906,Advisor 0906,wirehouse,balanced_planner,Balanced Planner,medium,low,high,emerging,73,117675582.69,1.0,1.0
ADV0862,Advisor 0862,ria,growth_allocator,Growth Allocator,medium_high,medium,medium,emerging,88,117596750.33,1.15,0.9
ADV0021,Advisor 0021,ria,growth_allocator,Growth Allocator,medium_high,medium,medium,tenured,95,116886442.42,1.15,0.9
ADV0128,Advisor 0128,ria,balanced_planner,Balanced Planner,medium,low,high,tenured,81,116831870.61,1.0,1.0
ADV0015,Advisor 0015,wirehouse,growth_allocator,Growth Allocator,medium_high,medium,medium,established,67,116770232.54,1.15,0.9
ADV0332,Advisor 0332,regional_broker_dealer,conservative_income,Conservative Income,low,low,high,established,135,116417375.51,0.85,1.2
ADV0661,Advisor 0661,independent_broker_dealer,conservative_income,Conservative Income,low,low,high,emerging,107,114801028.79,0.85,1.2
ADV0730,Advisor 0730,regional_broker_dealer,balanced_planner,Balanced Planner,medium,low,high,tenured,121,114448522.3,1.0,1.0
ADV0345,Advisor 0345,private_bank,alternative_specialist,Alternative Specialist,medium_high,medium,medium,emerging,54,114057711.56,1.05,0.95
ADV0078,Advisor 0078,wirehouse,conservative_income,Conservative Income,low,low,high,established,65,113581650.38,0.85,1.2
ADV0955,Advisor 0955,regional_broker_dealer,conservative_income,Conservative Income,low,low,high,emerging,86,113491186.21,0.85,1.2
ADV0503,Advisor 0503,ria,growth_allocator,Growth Allocator,medium_high,medium,medium,tenured,100,113426455.16,1.15,0.9
ADV0911,Advisor 0911,wirehouse,growth_allocator,Growth Allocator,medium_high,medium,medium,emerging,71,112897904.78,1.15,0.9
ADV0327,Advisor 0327,ria,growth_allocator,Growth Allocator,medium_high,medium,medium,tenured,91,112329889.91,1.15,0.9
ADV0613,Advisor 0613,wirehouse,growth_allocator,Growth Allocator,medium_high,medium,medium,established,76,112297032.83,1.15,0.9
ADV0424,Advisor 0424,independent_broker_dealer,balanced_planner,Balanced Planner,medium,low,high,tenured,120,112050092.71,1.0,1.0
ADV0431,Advisor 0431,regional_broker_dealer,balanced_planner,Balanced Planner,medium,low,high,tenured,135,110805544.36,1.0,1.0
ADV0916,Advisor 0916,private_bank,fixed_income_specialist,Fixed Income Specialist,low_medium,medium,high,emerging,53,110559093.96,0.95,1.05
ADV0508,Advisor 0508,ria,conservative_income,Conservative Income,low,low,high,established,89,110332125.77,0.85,1.2
ADV0272,Advisor 0272,ria,alternative_specialist,Alternative Specialist,medium_high,medium,medium,tenured,88,110107864.52,1.05,0.95
ADV0868,Advisor 0868,wirehouse,active_trader,Active Trader,high,high,low,established,77,109709010.3,1.25,1.15
ADV0579,Advisor 0579,independent_broker_dealer,conservative_income,Conservative Income,low,low,high,emerging,79,109621385.04,0.85,1.2
ADV0295,Advisor 0295,wirehouse,balanced_planner,Balanced Planner,medium,low,high,established,70,109154107.94,1.0,1.0
ADV0634,Advisor 0634,wirehouse,growth_allocator,Growth Allocator,medium_high,medium,medium,tenured,74,108952490.53,1.15,0.9
ADV0476,Advisor 0476,independent_broker_dealer,conservative_income,Conservative Income,low,low,high,tenured,94,108548821.3,0.85,1.2
ADV0048,Advisor 0048,wirehouse,balanced_planner,Balanced Planner,medium,low,high,established,66,108256131.32,1.0,1.0
ADV0591,Advisor 0591,regional_broker_dealer,fixed_income_specialist,Fixed Income Specialist,low_medium,medium,high,tenured,114,108047510.8,0.95,1.05
ADV0629,Advisor 0629,wirehouse,growth_allocator,Growth Allocator,medium_high,medium,medium,emerging,67,108028735.75,1.15,0.9
ADV0471,Advisor 0471,wirehouse,conservative_income,Conservative Income,low,low,high,established,64,107924089.9,0.85,1.2
ADV0983,Advisor 0983,wirehouse,active_trader,Active Trader,high,high,low,tenured,81,107871138.35,1.25,1.15
ADV0019,Advisor 0019,independent_broker_dealer,active_trader,Active Trader,high,high,low,established,92,107512429.23,1.25,1.15
ADV0834,Advisor 0834,ria,growth_allocator,Growth Allocator,medium_high,medium,medium,emerging,78,107501554.13,1.15,0.9
ADV0872,Advisor 0872,wirehouse,balanced_planner,Balanced Planner,medium,low,high,tenured,84,107339645.57,1.0,1.0
ADV0146,Advisor 0146,ria,balanced_planner,Balanced Planner,medium,low,high,emerging,81,107202240.24,1.0,1.0
ADV0339,Advisor 0339,regional_broker_dealer,fixed_income_specialist,Fixed Income Specialist,low_medium,medium,high,tenured,114,107008198.26,0.95,1.05
ADV0796,Advisor 0796,ria,conservative_income,Conservative Income,low,low,high,established,83,106606628.8,0.85,1.2
ADV0005,Advisor 0005,independent_broker_dealer,conservative_income,Conservative Income,low,low,high,emerging,85,106538465.82,0.85,1.2
ADV0736,Advisor 0736,wirehouse,balanced_planner,Balanced Planner,medium,low,high,established,73,106368682.89,1.0,1.0
ADV0384,Advisor 0384,private_bank,conservative_income,Conservative Income,low,low,high,tenured,58,105949710.78,0.85,1.2
ADV0206,Advisor 0206,wirehouse,growth_allocator,Growth Allocator,medium_high,medium,medium,tenured,66,105664189.63,1.15,0.9
ADV0058,Advisor 0058,wirehouse,balanced_planner,Balanced Planner,medium,low,high,tenured,87,105642184.0,1.0,1.0
ADV0542,Advisor 0542,regional_broker_dealer,balanced_planner,Balanced Planner,medium,low,high,established,91,105372581.8,1.0,1.0
ADV0265,Advisor 0265,ria,balanced_planner,Balanced Planner,medium,low,high,tenured,91,105110157.44,1.0,1.0
ADV0184,Advisor 0184,regional_broker_dealer,active_trader,Active Trader,high,high,low,established,103,105017426.2,1.25,1.15
ADV0973,Advisor 0973,independent_broker_dealer,conservative_income,Conservative Income,low,low,high,tenured,93,104967370.2,0.85,1.2
ADV0103,Advisor 0103,wirehouse,conservative_income,Conservative Income,low,low,high,emerging,63,104961930.36,0.85,1.2
ADV0381,Advisor 0381,insurance_broker_dealer,fixed_income_specialist,Fixed Income Specialist,low_medium,medium,high,established,111,104793200.14,0.95,1.05
ADV0233,Advisor 0233,independent_broker_dealer,conservative_income,Conservative Income,low,low,high,tenured,95,104423891.66,0.85,1.2
ADV0255,Advisor 0255,regional_broker_dealer,fixed_income_specialist,Fixed Income Specialist,low_medium,medium,high,established,88,104305426.7,0.95,1.05
ADV0627,Advisor 0627,insurance_broker_dealer,balanced_planner,Balanced Planner,medium,low,high,tenured,133,103728310.36,1.0,1.0
ADV0473,Advisor 0473,insurance_broker_dealer,conservative_income,Conservative Income,low,low,high,established,114,103472159.43,0.85,1.2
ADV0593,Advisor 0593,ria,conservative_income,Conservative Income,low,low,high,tenured,79,103290561.77,0.85,1.2
ADV0644,Advisor 0644,independent_broker_dealer,alternative_specialist,Alternative Specialist,medium_high,medium,medium,established,76,102697037.42,1.05,0.95
ADV0838,Advisor 0838,ria,growth_allocator,Growth Allocator,medium_high,medium,medium,established,82,102620510.53,1.15,0.9
ADV0750,Advisor 0750,regional_broker_dealer,growth_allocator,Growth Allocator,medium_high,medium,medium,established,79,102309126.35,1.15,0.9
ADV0609,Advisor 0609,ria,growth_allocator,Growth Allocator,medium_high,medium,medium,established,72,102201403.88,1.15,0.9
ADV0732,Advisor 0732,wirehouse,balanced_planner,Balanced Planner,medium,low,high,established,69,101736157.14,1.0,1.0
ADV0555,Advisor 0555,wirehouse,conservative_income,Conservative Income,low,low,high,tenured,81,101187263.6,0.85,1.2
ADV0806,Advisor 0806,regional_broker_dealer,balanced_planner,Balanced Planner,medium,low,high,established,89,100970479.62,1.0,1.0
ADV0217,Advisor 0217,private_bank,balanced_planner,Balanced Planner,medium,low,high,established,41,100135533.89,1.0,1.0
ADV0009,Advisor 0009,independent_broker_dealer,growth_allocator,Growth Allocator,medium_high,medium,medium,tenured,100,100086845.12,1.15,0.9
ADV0158,Advisor 0158,ria,conservative_income,Conservative Income,low,low,high,established,76,99929685.78,0.85,1.2
ADV0387,Advisor 0387,insurance_broker_dealer,balanced_planner,Balanced Planner,medium,low,high,emerging,118,99366376.23,1.0,1.0
ADV0599,Advisor 0599,ria,balanced_planner,Balanced Planner,medium,low,high,emerging,66,99363333.15,1.0,1.0
ADV0650,Advisor 0650,wirehouse,conservative_income,Conservative Income,low,low,high,tenured,59,99300552.92,0.85,1.2
ADV0367,Advisor 0367,independent_broker_dealer,balanced_planner,Balanced Planner,medium,low,high,emerging,71,98695452.96,1.0,1.0
ADV0486,Advisor 0486,independent_broker_dealer,balanced_planner,Balanced Planner,medium,low,high,emerging,84,98245556.26,1.0,1.0
ADV0693,Advisor 0693,regional_broker_dealer,balanced_planner,Balanced Planner,medium,low,high,emerging,71,97172089.37,1.0,1.0
ADV0712,Advisor 0712,wirehouse,active_trader,Active Trader,high,high,low,established,62,96394407.25,1.25,1.15
ADV0656,Advisor 0656,regional_broker_dealer,fixed_income_specialist,Fixed Income Specialist,low_medium,medium,high,tenured,128,96183233.06,0.95,1.05
ADV0982,Advisor 0982,wirehouse,balanced_planner,Balanced Planner,medium,low,high,established,54,95780713.56,1.0,1.0
ADV0816,Advisor 0816,wirehouse,growth_allocator,Growth Allocator,medium_high,medium,medium,established,59,95732007.78,1.15,0.9
ADV0685,Advisor 0685,independent_broker_dealer,balanced_planner,Balanced Planner,medium,low,high,established,93,95618482.02,1.0,1.0
ADV0885,Advisor 0885,ria,balanced_planner,Balanced Planner,medium,low,high,established,65,95601006.94,1.0,1.0
ADV0034,Advisor 0034,ria,active_trader,Active Trader,high,high,low,emerging,65,94715186.06,1.25,1.15
ADV0176,Advisor 0176,ria,conservative_income,Conservative Income,low,low,high,established,68,94204194.01,0.85,1.2
ADV0774,Advisor 0774,ria,balanced_planner,Balanced Planner,medium,low,high,tenured,69,94000772.56,1.0,1.0
ADV0726,Advisor 0726,wirehouse,conservative_income,Conservative Income,low,low,high,established,67,93984996.89,0.85,1.2
ADV0163,Advisor 0163,private_bank,balanced_planner,Balanced Planner,medium,low,high,tenured,49,93690981.96,1.0,1.0
ADV0131,Advisor 0131,ria,growth_allocator,Growth Allocator,medium_high,medium,medium,tenured,79,93641651.34,1.15,0.9
ADV0563,Advisor 0563,wirehouse,conservative_income,Conservative Income,low,low,high,established,68,93594269.42,0.85,1.2
ADV0143,Advisor 0143,wirehouse,conservative_income,Conservative Income,low,low,high,established,68,93470209.34,0.85,1.2
ADV0209,Advisor 0209,private_bank,growth_allocator,Growth Allocator,medium_high,medium,medium,established,46,93133032.79,1.15,0.9
ADV0615,Advisor 0615,insurance_broker_dealer,conservative_income,Conservative Income,low,low,high,established,103,92466356.0,0.85,1.2
ADV0288,Advisor 0288,wirehouse,conservative_income,Conservative Income,low,low,high,emerging,52,92118573.87,0.85,1.2
ADV0322,Advisor 0322,ria,conservative_income,Conservative Income,low,low,high,established,65,91746076.31,0.85,1.2
ADV0313,Advisor 0313,wirehouse,fixed_income_specialist,Fixed Income Specialist,low_medium,medium,high,emerging,52,91488116.35,0.95,1.05
ADV0123,Advisor 0123,independent_broker_dealer,fixed_income_specialist,Fixed Income Specialist,low_medium,medium,high,emerging,66,91409040.32,0.95,1.05
ADV0291,Advisor 0291,wirehouse,conservative_income,Conservative Income,low,low,high,established,56,91089748.78,0.85,1.2
ADV0045,Advisor 0045,private_bank,conservative_income,Conservative Income,low,low,high,tenured,50,91036171.33,0.85,1.2
ADV0433,Advisor 0433,wirehouse,growth_allocator,Growth Allocator,medium_high,medium,medium,emerging,51,90861456.87,1.15,0.9
ADV0849,Advisor 0849,ria,balanced_planner,Balanced Planner,medium,low,high,tenured,85,90429054.36,1.0,1.0
ADV0234,Advisor 0234,wirehouse,active_trader,Active Trader,high,high,low,tenured,61,89789909.83,1.25,1.15
ADV0975,Advisor 0975,independent_broker_dealer,balanced_planner,Balanced Planner,medium,low,high,emerging,74,89300582.14,1.0,1.0
ADV0083,Advisor 0083,wirehouse,balanced_planner,Balanced Planner,medium,low,high,emerging,52,89284985.17,1.0,1.0
ADV0592,Advisor 0592,private_bank,growth_allocator,Growth Allocator,medium_high,medium,medium,established,42,89175447.93,1.15,0.9
ADV0122,Advisor 0122,independent_broker_dealer,conservative_income,Conservative Income,low,low,high,emerging,61,88639568.44,0.85,1.2
ADV0990,Advisor 0990,regional_broker_dealer,alternative_specialist,Alternative Specialist,medium_high,medium,medium,emerging,85,88453858.0,1.05,0.95
ADV0274,Advisor 0274,ria,growth_allocator,Growth Allocator,medium_high,medium,medium,tenured,61,88273036.85,1.15,0.9
ADV0226,Advisor 0226,wirehouse,fixed_income_specialist,Fixed Income Specialist,low_medium,medium,high,tenured,68,87957674.43,0.95,1.05
ADV0804,Advisor 0804,regional_broker_dealer,conservative_income,Conservative Income,low,low,high,tenured,79,87754138.3,0.85,1.2
ADV0738,Advisor 0738,insurance_broker_dealer,conservative_income,Conservative Income,low,low,high,established,96,87502335.23,0.85,1.2
ADV0305,Advisor 0305,wirehouse,alternative_specialist,Alternative Specialist,medium_high,medium,medium,emerging,48,87312496.86,1.05,0.95
ADV0492,Advisor 0492,wirehouse,fixed_income_specialist,Fixed Income Specialist,low_medium,medium,high,established,54,87056936.83,0.95,1.05
ADV0718,Advisor 0718,wirehouse,active_trader,Active Trader,high,high,low,established,55,86936380.27,1.25,1.15
ADV0299,Advisor 0299,regional_broker_dealer,active_trader,Active Trader,high,high,low,established,79,86806699.57,1.25,1.15
ADV0369,Advisor 0369,independent_broker_dealer,alternative_specialist,Alternative Specialist,medium_high,medium,medium,established,71,86401305.48,1.05,0.95
ADV0896,Advisor 0896,wirehouse,conservative_income,Conservative Income,low,low,high,emerging,53,86051943.17,0.85,1.2
ADV0695,Advisor 0695,ria,alternative_specialist,Alternative Specialist,medium_high,medium,medium,established,64,84670662.32,1.05,0.95
ADV0833,Advisor 0833,ria,growth_allocator,Growth Allocator,medium_high,medium,medium,established,70,84355019.0,1.15,0.9
ADV0434,Advisor 0434,wirehouse,active_trader,Active Trader,high,high,low,tenured,64,84102761.16,1.25,1.15
ADV0455,Advisor 0455,independent_broker_dealer,growth_allocator,Growth Allocator,medium_high,medium,medium,established,78,83837334.15,1.15,0.9
ADV0454,Advisor 0454,ria,growth_allocator,Growth Allocator,medium_high,medium,medium,established,66,83582836.12,1.15,0.9
ADV0199,Advisor 0199,wirehouse,fixed_income_specialist,Fixed Income Specialist,low_medium,medium,high,tenured,63,83555424.99,0.95,1.05
ADV0567,Advisor 0567,independent_broker_dealer,fixed_income_specialist,Fixed Income Specialist,low_medium,medium,high,established,73,83517923.91,0.95,1.05
ADV0581,Advisor 0581,wirehouse,growth_allocator,Growth Allocator,medium_high,medium,medium,established,58,83444689.2,1.15,0.9
ADV0669,Advisor 0669,wirehouse,balanced_planner,Balanced Planner,medium,low,high,established,55,82855349.25,1.0,1.0
ADV0498,Advisor 0498,regional_broker_dealer,growth_allocator,Growth Allocator,medium_high,medium,medium,established,82,82842359.55,1.15,0.9
ADV0482,Advisor 0482,independent_broker_dealer,conservative_income,Conservative Income,low,low,high,tenured,79,82840143.89,0.85,1.2
ADV0662,Advisor 0662,independent_broker_dealer,balanced_planner,Balanced Planner,medium,low,high,established,78,82555780.09,1.0,1.0
ADV0756,Advisor 0756,independent_broker_dealer,conservative_income,Conservative Income,low,low,high,established,83,82038999.56,0.85,1.2
ADV0385,Advisor 0385,ria,growth_allocator,Growth Allocator,medium_high,medium,medium,tenured,65,81962208.26,1.15,0.9
ADV0898,Advisor 0898,regional_broker_dealer,conservative_income,Conservative Income,low,low,high,emerging,69,81466833.68,0.85,1.2
ADV0182,Advisor 0182,wirehouse,growth_allocator,Growth Allocator,medium_high,medium,medium,tenured,72,81394787.93,1.15,0.9
ADV0654,Advisor 0654,wirehouse,fixed_income_specialist,Fixed Income Specialist,low_medium,medium,high,emerging,46,81296704.11,0.95,1.05
ADV0969,Advisor 0969,ria,balanced_planner,Balanced Planner,medium,low,high,established,64,80646709.82,1.0,1.0
ADV0733,Advisor 0733,independent_broker_dealer,growth_allocator,Growth Allocator,medium_high,medium,medium,established,73,79968984.12,1.15,0.9
ADV0468,Advisor 0468,independent_broker_dealer,balanced_planner,Balanced Planner,medium,low,high,established,82,79734483.43,1.0,1.0
ADV0997,Advisor 0997,regional_broker_dealer,balanced_planner,Balanced Planner,medium,low,high,emerging,76,79563588.28,1.0,1.0
ADV0376,Advisor 0376,wirehouse,growth_allocator,Growth Allocator,medium_high,medium,medium,emerging,44,79263132.72,1.15,0.9
ADV0139,Advisor 0139,ria,conservative_income,Conservative Income,low,low,high,established,51,79153458.49,0.85,1.2
ADV0752,Advisor 0752,regional_broker_dealer,growth_allocator,Growth Allocator,medium_high,medium,medium,established,83,79078737.74,1.15,0.9
ADV0952,Advisor 0952,ria,growth_allocator,Growth Allocator,medium_high,medium,medium,established,57,78754076.46,1.15,0.9
ADV0466,Advisor 0466,wirehouse,alternative_specialist,Alternative Specialist,medium_high,medium,medium,established,62,78683571.84,1.05,0.95
ADV0115,Advisor 0115,independent_broker_dealer,balanced_planner,Balanced Planner,medium,low,high,emerging,68,78615425.18,1.0,1.0
ADV0196,Advisor 0196,wirehouse,growth_allocator,Growth Allocator,medium_high,medium,medium,established,56,78609208.33,1.15,0.9
ADV0919,Advisor 0919,regional_broker_dealer,conservative_income,Conservative Income,low,low,high,tenured,92,78591145.98,0.85,1.2
ADV0047,Advisor 0047,independent_broker_dealer,balanced_planner,Balanced Planner,medium,low,high,established,70,78071488.62,1.0,1.0
ADV0869,Advisor 0869,regional_broker_dealer,growth_allocator,Growth Allocator,medium_high,medium,medium,established,80,78043194.5,1.15,0.9
ADV0452,Advisor 0452,regional_broker_dealer,growth_allocator,Growth Allocator,medium_high,medium,medium,established,74,77888285.42,1.15,0.9
ADV0153,Advisor 0153,independent_broker_dealer,balanced_planner,Balanced Planner,medium,low,high,established,70,77737024.02,1.0,1.0
ADV0023,Advisor 0023,wirehouse,growth_allocator,Growth Allocator,medium_high,medium,medium,established,49,76585492.12,1.15,0.9
ADV0315,Advisor 0315,regional_broker_dealer,balanced_planner,Balanced Planner,medium,low,high,established,70,76528859.11,1.0,1.0
ADV0485,Advisor 0485,wirehouse,conservative_income,Conservative Income,low,low,high,emerging,49,76405857.17,0.85,1.2
ADV0744,Advisor 0744,wirehouse,balanced_planner,Balanced Planner,medium,low,high,tenured,56,75899722.83,1.0,1.0
ADV0666,Advisor 0666,regional_broker_dealer,balanced_planner,Balanced Planner,medium,low,high,tenured,78,75510700.13,1.0,1.0
ADV0734,Advisor 0734,private_bank,active_trader,Active Trader,high,high,low,established,41,75377837.71,1.25,1.15
ADV0691,Advisor 0691,wirehouse,active_trader,Active Trader,high,high,low,emerging,47,75230070.43,1.25,1.15
ADV0972,Advisor 0972,ria,balanced_planner,Balanced Planner,medium,low,high,tenured,67,75150142.25,1.0,1.0
ADV0447,Advisor 0447,wirehouse,fixed_income_specialist,Fixed Income Specialist,low_medium,medium,high,tenured,58,75087823.32,0.95,1.05
ADV0259,Advisor 0259,private_bank,active_trader,Active Trader,high,high,low,tenured,43,75070231.66,1.25,1.15
ADV0828,Advisor 0828,regional_broker_dealer,conservative_income,Conservative Income,low,low,high,emerging,64,75008561.07,0.85,1.2
ADV0772,Advisor 0772,wirehouse,growth_allocator,Growth Allocator,medium_high,medium,medium,established,43,74968380.65,1.15,0.9
ADV0014,Advisor 0014,independent_broker_dealer,conservative_income,Conservative Income,low,low,high,established,68,74880960.24,0.85,1.2
ADV0484,Advisor 0484,wirehouse,balanced_planner,Balanced Planner,medium,low,high,emerging,50,74635727.99,1.0,1.0
ADV0967,Advisor 0967,wirehouse,balanced_planner,Balanced Planner,medium,low,high,established,55,73962676.98,1.0,1.0
ADV0763,Advisor 0763,ria,growth_allocator,Growth Allocator,medium_high,medium,medium,tenured,63,73591430.17,1.15,0.9
ADV0017,Advisor 0017,independent_broker_dealer,active_trader,Active Trader,high,high,low,established,62,73430243.83,1.25,1.15
ADV0907,Advisor 0907,wirehouse,growth_allocator,Growth Allocator,medium_high,medium,medium,emerging,45,73325722.11,1.15,0.9
ADV0072,Advisor 0072,wirehouse,conservative_income,Conservative Income,low,low,high,established,48,72656226.18,0.85,1.2
ADV0963,Advisor 0963,wirehouse,balanced_planner,Balanced Planner,medium,low,high,established,38,72589437.7,1.0,1.0
ADV0600,Advisor 0600,ria,alternative_specialist,Alternative Specialist,medium_high,medium,medium,emerging,43,72559037.13,1.05,0.95
ADV0760,Advisor 0760,independent_broker_dealer,balanced_planner,Balanced Planner,medium,low,high,established,66,72471694.32,1.0,1.0
ADV0977,Advisor 0977,independent_broker_dealer,balanced_planner,Balanced Planner,medium,low,high,established,63,72208043.45,1.0,1.0
ADV0929,Advisor 0929,wirehouse,conservative_income,Conservative Income,low,low,high,established,48,71140908.89,0.85,1.2
ADV0249,Advisor 0249,private_bank,balanced_planner,Balanced Planner,medium,low,high,established,37,71058087.44,1.0,1.0
ADV0416,Advisor 0416,independent_broker_dealer,balanced_planner,Balanced Planner,medium,low,high,established,60,70792768.59,1.0,1.0
ADV0257,Advisor 0257,independent_broker_dealer,growth_allocator,Growth Allocator,medium_high,medium,medium,established,67,70401592.66,1.15,0.9
ADV0135,Advisor 0135,wirehouse,growth_allocator,Growth Allocator,medium_high,medium,medium,tenured,54,70030419.26,1.15,0.9
ADV0157,Advisor 0157,wirehouse,fixed_income_specialist,Fixed Income Specialist,low_medium,medium,high,established,49,69500647.79,0.95,1.05
ADV0405,Advisor 0405,wirehouse,balanced_planner,Balanced Planner,medium,low,high,established,46,69417600.92,1.0,1.0
ADV0395,Advisor 0395,insurance_broker_dealer,fixed_income_specialist,Fixed Income Specialist,low_medium,medium,high,established,77,69413258.37,0.95,1.05
ADV0357,Advisor 0357,independent_broker_dealer,balanced_planner,Balanced Planner,medium,low,high,established,60,69382906.62,1.0,1.0
ADV0727,Advisor 0727,insurance_broker_dealer,growth_allocator,Growth Allocator,medium_high,medium,medium,tenured,76,68942027.07,1.15,0.9
ADV0674,Advisor 0674,wirehouse,alternative_specialist,Alternative Specialist,medium_high,medium,medium,established,44,68648241.03,1.05,0.95
ADV0243,Advisor 0243,regional_broker_dealer,conservative_income,Conservative Income,low,low,high,established,61,68347916.69,0.85,1.2
ADV0449,Advisor 0449,wirehouse,growth_allocator,Growth Allocator,medium_high,medium,medium,emerging,42,68226201.88,1.15,0.9
ADV0361,Advisor 0361,ria,growth_allocator,Growth Allocator,medium_high,medium,medium,tenured,51,67452123.38,1.15,0.9
ADV0618,Advisor 0618,independent_broker_dealer,conservative_income,Conservative Income,low,low,high,emerging,52,66850326.52,0.85,1.2
ADV0667,Advisor 0667,regional_broker_dealer,balanced_planner,Balanced Planner,medium,low,high,established,59,66497273.0,1.0,1.0
ADV0462,Advisor 0462,ria,growth_allocator,Growth Allocator,medium_high,medium,medium,emerging,49,66477743.06,1.15,0.9
ADV0812,Advisor 0812,independent_broker_dealer,active_trader,Active Trader,high,high,low,established,59,66243843.35,1.25,1.15
ADV0490,Advisor 0490,ria,growth_allocator,Growth Allocator,medium_high,medium,medium,tenured,53,65989985.87,1.15,0.9
ADV0347,Advisor 0347,regional_broker_dealer,alternative_specialist,Alternative Specialist,medium_high,medium,medium,emerging,53,65939739.23,1.05,0.95
ADV0335,Advisor 0335,independent_broker_dealer,growth_allocator,Growth Allocator,medium_high,medium,medium,established,63,65598372.97,1.15,0.9
ADV0228,Advisor 0228,independent_broker_dealer,growth_allocator,Growth Allocator,medium_high,medium,medium,tenured,66,65145750.37,1.15,0.9
ADV0113,Advisor 0113,wirehouse,balanced_planner,Balanced Planner,medium,low,high,tenured,38,64775710.73,1.0,1.0
ADV0038,Advisor 0038,independent_broker_dealer,balanced_planner,Balanced Planner,medium,low,high,established,61,64604460.2,1.0,1.0
ADV0212,Advisor 0212,independent_broker_dealer,fixed_income_specialist,Fixed Income Specialist,low_medium,medium,high,established,48,64496556.85,0.95,1.05
ADV0463,Advisor 0463,regional_broker_dealer,balanced_planner,Balanced Planner,medium,low,high,tenured,86,64432301.0,1.0,1.0
ADV0897,Advisor 0897,regional_broker_dealer,growth_allocator,Growth Allocator,medium_high,medium,medium,emerging,62,64052472.39,1.15,0.9
ADV0442,Advisor 0442,private_bank,conservative_income,Conservative Income,low,low,high,established,28,63422437.26,0.85,1.2
ADV0379,Advisor 0379,private_bank,fixed_income_specialist,Fixed Income Specialist,low_medium,medium,high,established,32,63063102.15,0.95,1.05
ADV0553,Advisor 0553,ria,active_trader,Active Trader,high,high,low,emerging,45,62873604.22,1.25,1.15
ADV0068,Advisor 0068,independent_broker_dealer,conservative_income,Conservative Income,low,low,high,emerging,43,62823333.72,0.85,1.2
ADV0630,Advisor 0630,independent_broker_dealer,balanced_planner,Balanced Planner,medium,low,high,emerging,48,62530421.91,1.0,1.0
ADV0088,Advisor 0088,wirehouse,balanced_planner,Balanced Planner,medium,low,high,established,43,62187356.54,1.0,1.0
ADV0722,Advisor 0722,wirehouse,growth_allocator,Growth Allocator,medium_high,medium,medium,established,39,61229679.31,1.15,0.9
ADV0186,Advisor 0186,independent_broker_dealer,alternative_specialist,Alternative Specialist,medium_high,medium,medium,emerging,47,61126311.95,1.05,0.95
ADV0520,Advisor 0520,private_bank,conservative_income,Conservative Income,low,low,high,tenured,32,60995157.4,0.85,1.2
ADV0684,Advisor 0684,ria,balanced_planner,Balanced Planner,medium,low,high,established,44,60269509.71,1.0,1.0
ADV0085,Advisor 0085,ria,balanced_planner,Balanced Planner,medium,low,high,established,44,60160736.77,1.0,1.0
ADV0248,Advisor 0248,regional_broker_dealer,balanced_planner,Balanced Planner,medium,low,high,established,59,59612660.05,1.0,1.0
ADV0658,Advisor 0658,ria,fixed_income_specialist,Fixed Income Specialist,low_medium,medium,high,tenured,54,59460913.04,0.95,1.05
ADV0142,Advisor 0142,private_bank,balanced_planner,Balanced Planner,medium,low,high,emerging,21,59022078.83,1.0,1.0
ADV0616,Advisor 0616,insurance_broker_dealer,growth_allocator,Growth Allocator,medium_high,medium,medium,established,72,58897394.02,1.15,0.9
ADV0101,Advisor 0101,insurance_broker_dealer,active_trader,Active Trader,high,high,low,established,68,58377371.5,1.25,1.15
ADV0435,Advisor 0435,independent_broker_dealer,balanced_planner,Balanced Planner,medium,low,high,established,55,58367603.55,1.0,1.0
ADV0487,Advisor 0487,independent_broker_dealer,fixed_income_specialist,Fixed Income Specialist,low_medium,medium,high,tenured,49,58287668.86,0.95,1.05
ADV0805,Advisor 0805,regional_broker_dealer,conservative_income,Conservative Income,low,low,high,established,51,58224488.31,0.85,1.2
ADV0133,Advisor 0133,independent_broker_dealer,balanced_planner,Balanced Planner,medium,low,high,established,49,57916916.32,1.0,1.0
ADV0082,Advisor 0082,insurance_broker_dealer,alternative_specialist,Alternative Specialist,medium_high,medium,medium,established,63,57790978.42,1.05,0.95
ADV0811,Advisor 0811,ria,conservative_income,Conservative Income,low,low,high,emerging,33,57766156.03,0.85,1.2
ADV0026,Advisor 0026,independent_broker_dealer,conservative_income,Conservative Income,low,low,high,established,46,57515133.36,0.85,1.2
ADV0531,Advisor 0531,independent_broker_dealer,alternative_specialist,Alternative Specialist,medium_high,medium,medium,emerging,48,57469074.62,1.05,0.95
ADV0419,Advisor 0419,independent_broker_dealer,balanced_planner,Balanced Planner,medium,low,high,tenured,64,56977622.36,1.0,1.0
ADV0033,Advisor 0033,independent_broker_dealer,growth_allocator,Growth Allocator,medium_high,medium,medium,established,53,56864344.16,1.15,0.9
ADV0275,Advisor 0275,ria,balanced_planner,Balanced Planner,medium,low,high,established,40,56564832.05,1.0,1.0
ADV0958,Advisor 0958,regional_broker_dealer,active_trader,Active Trader,high,high,low,established,59,56254734.11,1.25,1.15
ADV0765,Advisor 0765,wirehouse,growth_allocator,Growth Allocator,medium_high,medium,medium,established,37,56235093.71,1.15,0.9
ADV0915,Advisor 0915,ria,growth_allocator,Growth Allocator,medium_high,medium,medium,emerging,43,56081646.15,1.15,0.9
ADV0041,Advisor 0041,private_bank,conservative_income,Conservative Income,low,low,high,emerging,21,55879994.7,0.85,1.2
ADV0179,Advisor 0179,wirehouse,balanced_planner,Balanced Planner,medium,low,high,emerging,32,55552602.73,1.0,1.0
ADV0100,Advisor 0100,wirehouse,balanced_planner,Balanced Planner,medium,low,high,tenured,35,55537381.94,1.0,1.0
ADV0724,Advisor 0724,wirehouse,balanced_planner,Balanced Planner,medium,low,high,established,38,55458528.75,1.0,1.0
ADV0445,Advisor 0445,wirehouse,growth_allocator,Growth Allocator,medium_high,medium,medium,tenured,41,55296030.28,1.15,0.9
ADV0668,Advisor 0668,regional_broker_dealer,conservative_income,Conservative Income,low,low,high,emerging,49,54946356.03,0.85,1.2
ADV0826,Advisor 0826,insurance_broker_dealer,conservative_income,Conservative Income,low,low,high,established,65,54506866.68,0.85,1.2
ADV1000,Advisor 1000,wirehouse,growth_allocator,Growth Allocator,medium_high,medium,medium,established,41,54331444.23,1.15,0.9
ADV0663,Advisor 0663,ria,active_trader,Active Trader,high,high,low,established,38,54283944.54,1.25,1.15
ADV0446,Advisor 0446,wirehouse,growth_allocator,Growth Allocator,medium_high,medium,medium,established,36,54154704.29,1.15,0.9
ADV0481,Advisor 0481,independent_broker_dealer,conservative_income,Conservative Income,low,low,high,established,44,54097834.33,0.85,1.2
ADV0824,Advisor 0824,regional_broker_dealer,balanced_planner,Balanced Planner,medium,low,high,established,58,53651602.87,1.0,1.0
ADV0394,Advisor 0394,ria,growth_allocator,Growth Allocator,medium_high,medium,medium,established,42,53575291.98,1.15,0.9
ADV0809,Advisor 0809,wirehouse,balanced_planner,Balanced Planner,medium,low,high,established,37,53163298.42,1.0,1.0
ADV0140,Advisor 0140,independent_broker_dealer,growth_allocator,Growth Allocator,medium_high,medium,medium,emerging,42,52929274.7,1.15,0.9
ADV0782,Advisor 0782,wirehouse,alternative_specialist,Alternative Specialist,medium_high,medium,medium,emerging,31,52878959.41,1.05,0.95
ADV0840,Advisor 0840,ria,fixed_income_specialist,Fixed Income Specialist,low_medium,medium,high,emerging,30,52739913.89,0.95,1.05
ADV0320,Advisor 0320,independent_broker_dealer,fixed_income_specialist,Fixed Income Specialist,low_medium,medium,high,tenured,50,52540667.4,0.95,1.05
ADV0940,Advisor 0940,wirehouse,balanced_planner,Balanced Planner,medium,low,high,emerging,30,52369315.47,1.0,1.0
ADV0170,Advisor 0170,private_bank,balanced_planner,Balanced Planner,medium,low,high,established,27,52168380.93,1.0,1.0
ADV0337,Advisor 0337,wirehouse,balanced_planner,Balanced Planner,medium,low,high,established,35,51735578.53,1.0,1.0
ADV0152,Advisor 0152,independent_broker_dealer,conservative_income,Conservative Income,low,low,high,emerging,41,51539591.16,0.85,1.2
ADV0519,Advisor 0519,ria,growth_allocator,Growth Allocator,medium_high,medium,medium,established,37,51138170.41,1.15,0.9
ADV0341,Advisor 0341,independent_broker_dealer,balanced_planner,Balanced Planner,medium,low,high,established,44,51056269.21,1.0,1.0
ADV0976,Advisor 0976,ria,growth_allocator,Growth Allocator,medium_high,medium,medium,established,34,50665805.76,1.15,0.9
ADV0187,Advisor 0187,wirehouse,conservative_income,Conservative Income,low,low,high,established,38,50557136.08,0.85,1.2
ADV0561,Advisor 0561,independent_broker_dealer,growth_allocator,Growth Allocator,medium_high,medium,medium,established,42,50404474.01,1.15,0.9
ADV0653,Advisor 0653,independent_broker_dealer,balanced_planner,Balanced Planner,medium,low,high,established,46,50329876.74,1.0,1.0
ADV0678,Advisor 0678,ria,fixed_income_specialist,Fixed Income Specialist,low_medium,medium,high,emerging,40,50295515.03,0.95,1.05
ADV0564,Advisor 0564,insurance_broker_dealer,active_trader,Active Trader,high,high,low,tenured,68,50287204.27,1.25,1.15
ADV0620,Advisor 0620,independent_broker_dealer,balanced_planner,Balanced Planner,medium,low,high,established,40,50168042.02,1.0,1.0
ADV0735,Advisor 0735,regional_broker_dealer,balanced_planner,Balanced Planner,medium,low,high,emerging,39,49554793.48,1.0,1.0
ADV0705,Advisor 0705,ria,balanced_planner,Balanced Planner,medium,low,high,established,33,49288842.33,1.0,1.0
ADV0994,Advisor 0994,insurance_broker_dealer,balanced_planner,Balanced Planner,medium,low,high,tenured,66,48883552.3,1.0,1.0
ADV0845,Advisor 0845,wirehouse,growth_allocator,Growth Allocator,medium_high,medium,medium,established,29,48833716.27,1.15,0.9
ADV0766,Advisor 0766,ria,alternative_specialist,Alternative Specialist,medium_high,medium,medium,established,36,48516402.36,1.05,0.95
ADV0649,Advisor 0649,insurance_broker_dealer,active_trader,Active Trader,high,high,low,established,51,48262021.42,1.25,1.15
ADV0991,Advisor 0991,ria,active_trader,Active Trader,high,high,low,emerging,38,48225231.3,1.25,1.15
ADV0507,Advisor 0507,independent_broker_dealer,balanced_planner,Balanced Planner,medium,low,high,tenured,43,48124157.02,1.0,1.0
ADV0261,Advisor 0261,wirehouse,alternative_specialist,Alternative Specialist,medium_high,medium,medium,tenured,34,48122022.56,1.05,0.95
ADV0035,Advisor 0035,insurance_broker_dealer,growth_allocator,Growth Allocator,medium_high,medium,medium,established,54,47969103.32,1.15,0.9
ADV0606,Advisor 0606,wirehouse,conservative_income,Conservative Income,low,low,high,established,30,47909339.34,0.85,1.2
ADV0173,Advisor 0173,ria,balanced_planner,Balanced Planner,medium,low,high,established,31,47855481.56,1.0,1.0
ADV0309,Advisor 0309,wirehouse,growth_allocator,Growth Allocator,medium_high,medium,medium,established,33,47768238.27,1.15,0.9
ADV0264,Advisor 0264,regional_broker_dealer,alternative_specialist,Alternative Specialist,medium_high,medium,medium,tenured,61,46922637.8,1.05,0.95
ADV0338,Advisor 0338,ria,growth_allocator,Growth Allocator,medium_high,medium,medium,emerging,27,46843672.95,1.15,0.9
ADV0874,Advisor 0874,independent_broker_dealer,alternative_specialist,Alternative Specialist,medium_high,medium,medium,emerging,43,46824716.64,1.05,0.95
ADV0698,Advisor 0698,insurance_broker_dealer,balanced_planner,Balanced Planner,medium,low,high,established,53,46424425.38,1.0,1.0
ADV0011,Advisor 0011,wirehouse,growth_allocator,Growth Allocator,medium_high,medium,medium,emerging,23,45942676.45,1.15,0.9
ADV0775,Advisor 0775,wirehouse,balanced_planner,Balanced Planner,medium,low,high,tenured,35,45381975.7,1.0,1.0
ADV0136,Advisor 0136,ria,balanced_planner,Balanced Planner,medium,low,high,emerging,29,45160407.14,1.0,1.0
ADV0353,Advisor 0353,wirehouse,fixed_income_specialist,Fixed Income Specialist,low_medium,medium,high,emerging,28,44985154.68,0.95,1.05
ADV0053,Advisor 0053,private_bank,active_trader,Active Trader,high,high,low,established,22,44972542.46,1.25,1.15
ADV0437,Advisor 0437,ria,balanced_planner,Balanced Planner,medium,low,high,emerging,30,44968231.7,1.0,1.0
ADV0587,Advisor 0587,independent_broker_dealer,conservative_income,Conservative Income,low,low,high,established,40,44454298.59,0.85,1.2
ADV0632,Advisor 0632,private_bank,conservative_income,Conservative Income,low,low,high,emerging,20,44382074.66,0.85,1.2
ADV0856,Advisor 0856,independent_broker_dealer,growth_allocator,Growth Allocator,medium_high,medium,medium,emerging,35,44169589.27,1.15,0.9
ADV0931,Advisor 0931,wirehouse,conservative_income,Conservative Income,low,low,high,tenured,30,43392584.15,0.85,1.2
ADV0439,Advisor 0439,insurance_broker_dealer,conservative_income,Conservative Income,low,low,high,emerging,55,43374372.3,0.85,1.2
ADV0757,Advisor 0757,wirehouse,growth_allocator,Growth Allocator,medium_high,medium,medium,established,27,43324452.17,1.15,0.9
ADV0787,Advisor 0787,ria,active_trader,Active Trader,high,high,low,established,35,43170438.11,1.25,1.15
ADV0378,Advisor 0378,ria,active_trader,Active Trader,high,high,low,established,35,43143911.79,1.25,1.15
ADV0870,Advisor 0870,regional_broker_dealer,conservative_income,Conservative Income,low,low,high,tenured,45,43050661.5,0.85,1.2
ADV0093,Advisor 0093,independent_broker_dealer,growth_allocator,Growth Allocator,medium_high,medium,medium,tenured,37,43038945.4,1.15,0.9
ADV0646,Advisor 0646,wirehouse,active_trader,Active Trader,high,high,low,emerging,31,42980008.52,1.25,1.15
ADV0948,Advisor 0948,independent_broker_dealer,fixed_income_specialist,Fixed Income Specialist,low_medium,medium,high,tenured,40,42875539.75,0.95,1.05
ADV0287,Advisor 0287,ria,conservative_income,Conservative Income,low,low,high,tenured,33,42662884.82,0.85,1.2
ADV0430,Advisor 0430,wirehouse,active_trader,Active Trader,high,high,low,emerging,26,42624005.83,1.25,1.15
ADV0219,Advisor 0219,ria,conservative_income,Conservative Income,low,low,high,emerging,33,42575661.08,0.85,1.2
ADV0974,Advisor 0974,wirehouse,conservative_income,Conservative Income,low,low,high,emerging,30,42184786.42,0.85,1.2
ADV0574,Advisor 0574,regional_broker_dealer,conservative_income,Conservative Income,low,low,high,tenured,45,41843450.35,0.85,1.2
ADV0344,Advisor 0344,wirehouse,active_trader,Active Trader,high,high,low,tenured,31,41368171.88,1.25,1.15
ADV0522,Advisor 0522,wirehouse,fixed_income_specialist,Fixed Income Specialist,low_medium,medium,high,emerging,23,40796289.6,0.95,1.05
ADV0244,Advisor 0244,wirehouse,active_trader,Active Trader,high,high,low,established,29,40763347.7,1.25,1.15
ADV0866,Advisor 0866,ria,growth_allocator,Growth Allocator,medium_high,medium,medium,established,31,40731531.54,1.15,0.9
ADV0063,Advisor 0063,private_bank,conservative_income,Conservative Income,low,low,high,emerging,21,39863681.52,0.85,1.2
ADV0605,Advisor 0605,ria,growth_allocator,Growth Allocator,medium_high,medium,medium,established,22,39627311.85,1.15,0.9
ADV0573,Advisor 0573,insurance_broker_dealer,fixed_income_specialist,Fixed Income Specialist,low_medium,medium,high,tenured,53,39391787.71,0.95,1.05
ADV0538,Advisor 0538,independent_broker_dealer,alternative_specialist,Alternative Specialist,medium_high,medium,medium,tenured,39,39373584.19,1.05,0.95
ADV0908,Advisor 0908,regional_broker_dealer,balanced_planner,Balanced Planner,medium,low,high,established,38,38809776.81,1.0,1.0
ADV0451,Advisor 0451,independent_broker_dealer,balanced_planner,Balanced Planner,medium,low,high,emerging,31,38495709.09,1.0,1.0
ADV0432,Advisor 0432,regional_broker_dealer,conservative_income,Conservative Income,low,low,high,established,34,38114078.2,0.85,1.2
ADV0664,Advisor 0664,ria,balanced_planner,Balanced Planner,medium,low,high,established,29,38029100.35,1.0,1.0
ADV0480,Advisor 0480,ria,balanced_planner,Balanced Planner,medium,low,high,emerging,25,37855986.94,1.0,1.0
ADV0213,Advisor 0213,ria,balanced_planner,Balanced Planner,medium,low,high,established,32,37563423.77,1.0,1.0
ADV0688,Advisor 0688,independent_broker_dealer,balanced_planner,Balanced Planner,medium,low,high,tenured,35,37222953.15,1.0,1.0
ADV0682,Advisor 0682,wirehouse,growth_allocator,Growth Allocator,medium_high,medium,medium,tenured,30,36781279.45,1.15,0.9
ADV0095,Advisor 0095,regional_broker_dealer,balanced_planner,Balanced Planner,medium,low,high,emerging,36,36366641.17,1.0,1.0
ADV0934,Advisor 0934,ria,conservative_income,Conservative Income,low,low,high,established,27,36339093.88,0.85,1.2
ADV0044,Advisor 0044,wirehouse,growth_allocator,Growth Allocator,medium_high,medium,medium,emerging,21,36202808.33,1.15,0.9
ADV0223,Advisor 0223,independent_broker_dealer,balanced_planner,Balanced Planner,medium,low,high,emerging,21,36148601.03,1.0,1.0
ADV0418,Advisor 0418,wirehouse,active_trader,Active Trader,high,high,low,tenured,25,35746108.31,1.25,1.15
ADV0857,Advisor 0857,wirehouse,balanced_planner,Balanced Planner,medium,low,high,emerging,17,35720450.22,1.0,1.0
ADV0278,Advisor 0278,wirehouse,balanced_planner,Balanced Planner,medium,low,high,tenured,20,35632960.54,1.0,1.0
ADV0611,Advisor 0611,ria,balanced_planner,Balanced Planner,medium,low,high,tenured,30,35461696.31,1.0,1.0
ADV0064,Advisor 0064,independent_broker_dealer,fixed_income_specialist,Fixed Income Specialist,low_medium,medium,high,emerging,25,35442396.67,0.95,1.05
ADV0753,Advisor 0753,independent_broker_dealer,balanced_planner,Balanced Planner,medium,low,high,established,26,35286644.79,1.0,1.0
ADV0110,Advisor 0110,wirehouse,conservative_income,Conservative Income,low,low,high,emerging,19,34806394.96,0.85,1.2
ADV0717,Advisor 0717,independent_broker_dealer,balanced_planner,Balanced Planner,medium,low,high,established,27,34476020.47,1.0,1.0
ADV0092,Advisor 0092,insurance_broker_dealer,active_trader,Active Trader,high,high,low,tenured,40,34426252.59,1.25,1.15
ADV0496,Advisor 0496,ria,growth_allocator,Growth Allocator,medium_high,medium,medium,established,23,34156911.66,1.15,0.9
ADV0096,Advisor 0096,wirehouse,conservative_income,Conservative Income,low,low,high,emerging,23,34141430.2,0.85,1.2
ADV0167,Advisor 0167,ria,alternative_specialist,Alternative Specialist,medium_high,medium,medium,emerging,24,34115152.53,1.05,0.95
ADV0285,Advisor 0285,regional_broker_dealer,fixed_income_specialist,Fixed Income Specialist,low_medium,medium,high,established,34,34042015.76,0.95,1.05
ADV0626,Advisor 0626,regional_broker_dealer,growth_allocator,Growth Allocator,medium_high,medium,medium,established,30,33947004.69,1.15,0.9
ADV0470,Advisor 0470,private_bank,fixed_income_specialist,Fixed Income Specialist,low_medium,medium,high,tenured,19,33893342.96,0.95,1.05
ADV0584,Advisor 0584,insurance_broker_dealer,growth_allocator,Growth Allocator,medium_high,medium,medium,established,32,33389376.89,1.15,0.9
ADV0326,Advisor 0326,wirehouse,active_trader,Active Trader,high,high,low,tenured,20,33325832.07,1.25,1.15
ADV0382,Advisor 0382,ria,conservative_income,Conservative Income,low,low,high,established,21,33317901.56,0.85,1.2
ADV0444,Advisor 0444,ria,fixed_income_specialist,Fixed Income Specialist,low_medium,medium,high,emerging,24,33126770.75,0.95,1.05
ADV0040,Advisor 0040,ria,active_trader,Active Trader,high,high,low,emerging,21,32976629.23,1.25,1.15
ADV0577,Advisor 0577,wirehouse,balanced_planner,Balanced Planner,medium,low,high,emerging,20,32788960.49,1.0,1.0
ADV0352,Advisor 0352,private_bank,balanced_planner,Balanced Planner,medium,low,high,emerging,15,31691033.17,1.0,1.0
ADV0785,Advisor 0785,ria,conservative_income,Conservative Income,low,low,high,established,21,31400573.15,0.85,1.2
ADV0301,Advisor 0301,regional_broker_dealer,balanced_planner,Balanced Planner,medium,low,high,established,27,31172603.84,1.0,1.0
ADV0711,Advisor 0711,independent_broker_dealer,active_trader,Active Trader,high,high,low,tenured,33,31137029.74,1.25,1.15
ADV0333,Advisor 0333,independent_broker_dealer,growth_allocator,Growth Allocator,medium_high,medium,medium,emerging,22,31049679.03,1.15,0.9
ADV0474,Advisor 0474,independent_broker_dealer,balanced_planner,Balanced Planner,medium,low,high,emerging,24,30988832.03,1.0,1.0
ADV0371,Advisor 0371,independent_broker_dealer,balanced_planner,Balanced Planner,medium,low,high,established,26,30907911.89,1.0,1.0
ADV0373,Advisor 0373,wirehouse,growth_allocator,Growth Allocator,medium_high,medium,medium,established,19,30790017.02,1.15,0.9
ADV0596,Advisor 0596,wirehouse,growth_allocator,Growth Allocator,medium_high,medium,medium,emerging,18,30722394.79,1.15,0.9
ADV0721,Advisor 0721,wirehouse,conservative_income,Conservative Income,low,low,high,established,17,30245909.59,0.85,1.2
ADV0764,Advisor 0764,wirehouse,growth_allocator,Growth Allocator,medium_high,medium,medium,tenured,23,29981237.27,1.15,0.9
ADV0527,Advisor 0527,wirehouse,growth_allocator,Growth Allocator,medium_high,medium,medium,established,17,29968739.69,1.15,0.9
ADV0652,Advisor 0652,ria,growth_allocator,Growth Allocator,medium_high,medium,medium,emerging,22,29625608.73,1.15,0.9
ADV0159,Advisor 0159,ria,balanced_planner,Balanced Planner,medium,low,high,tenured,24,28971517.82,1.0,1.0
ADV0239,Advisor 0239,regional_broker_dealer,growth_allocator,Growth Allocator,medium_high,medium,medium,emerging,24,28562209.58,1.15,0.9
ADV0905,Advisor 0905,wirehouse,conservative_income,Conservative Income,low,low,high,emerging,19,28543019.4,0.85,1.2
ADV0524,Advisor 0524,independent_broker_dealer,growth_allocator,Growth Allocator,medium_high,medium,medium,established,23,28537082.1,1.15,0.9
ADV0242,Advisor 0242,insurance_broker_dealer,conservative_income,Conservative Income,low,low,high,established,30,28526120.47,0.85,1.2
ADV0821,Advisor 0821,wirehouse,growth_allocator,Growth Allocator,medium_high,medium,medium,tenured,23,28318286.13,1.15,0.9
ADV0884,Advisor 0884,ria,growth_allocator,Growth Allocator,medium_high,medium,medium,established,22,28201469.27,1.15,0.9
ADV0784,Advisor 0784,wirehouse,alternative_specialist,Alternative Specialist,medium_high,medium,medium,established,21,28163369.11,1.05,0.95
ADV0677,Advisor 0677,independent_broker_dealer,conservative_income,Conservative Income,low,low,high,emerging,20,28099934.88,0.85,1.2
ADV0960,Advisor 0960,independent_broker_dealer,balanced_planner,Balanced Planner,medium,low,high,emerging,18,27684959.31,1.0,1.0
ADV0491,Advisor 0491,ria,balanced_planner,Balanced Planner,medium,low,high,established,20,27650705.3,1.0,1.0
ADV0941,Advisor 0941,independent_broker_dealer,active_trader,Active Trader,high,high,low,established,26,27637841.33,1.25,1.15
ADV0892,Advisor 0892,ria,growth_allocator,Growth Allocator,medium_high,medium,medium,established,24,27611976.12,1.15,0.9
ADV0267,Advisor 0267,independent_broker_dealer,balanced_planner,Balanced Planner,medium,low,high,emerging,22,27579360.03,1.0,1.0
ADV0461,Advisor 0461,ria,active_trader,Active Trader,high,high,low,established,18,27479183.87,1.25,1.15
ADV0566,Advisor 0566,regional_broker_dealer,active_trader,Active Trader,high,high,low,tenured,28,27357730.8,1.25,1.15
ADV0279,Advisor 0279,wirehouse,conservative_income,Conservative Income,low,low,high,tenured,20,27315310.27,0.85,1.2
ADV0548,Advisor 0548,independent_broker_dealer,balanced_planner,Balanced Planner,medium,low,high,established,28,27291078.81,1.0,1.0
ADV0518,Advisor 0518,wirehouse,growth_allocator,Growth Allocator,medium_high,medium,medium,established,18,27279800.31,1.15,0.9
ADV0984,Advisor 0984,regional_broker_dealer,growth_allocator,Growth Allocator,medium_high,medium,medium,established,20,26764043.69,1.15,0.9
ADV0294,Advisor 0294,independent_broker_dealer,active_trader,Active Trader,high,high,low,emerging,19,26310445.74,1.25,1.15
ADV0793,Advisor 0793,ria,fixed_income_specialist,Fixed Income Specialist,low_medium,medium,high,emerging,20,26231311.35,0.95,1.05
ADV0608,Advisor 0608,wirehouse,balanced_planner,Balanced Planner,medium,low,high,emerging,24,26174733.89,1.0,1.0
ADV0111,Advisor 0111,wirehouse,conservative_income,Conservative Income,low,low,high,emerging,15,26076126.22,0.85,1.2
ADV0927,Advisor 0927,independent_broker_dealer,growth_allocator,Growth Allocator,medium_high,medium,medium,tenured,26,26008668.18,1.15,0.9
ADV0070,Advisor 0070,insurance_broker_dealer,conservative_income,Conservative Income,low,low,high,established,28,25922482.82,0.85,1.2
ADV0334,Advisor 0334,independent_broker_dealer,balanced_planner,Balanced Planner,medium,low,high,emerging,20,25787235.91,1.0,1.0
ADV0795,Advisor 0795,independent_broker_dealer,conservative_income,Conservative Income,low,low,high,emerging,20,25785170.88,0.85,1.2
ADV0396,Advisor 0396,ria,conservative_income,Conservative Income,low,low,high,established,15,25667628.84,0.85,1.2
ADV0706,Advisor 0706,wirehouse,fixed_income_specialist,Fixed Income Specialist,low_medium,medium,high,established,19,25638429.99,0.95,1.05
ADV0725,Advisor 0725,wirehouse,growth_allocator,Growth Allocator,medium_high,medium,medium,emerging,15,25375723.92,1.15,0.9
ADV0924,Advisor 0924,wirehouse,active_trader,Active Trader,high,high,low,established,15,25070964.99,1.25,1.15
ADV0602,Advisor 0602,wirehouse,balanced_planner,Balanced Planner,medium,low,high,emerging,15,24920180.96,1.0,1.0
ADV0822,Advisor 0822,independent_broker_dealer,balanced_planner,Balanced Planner,medium,low,high,emerging,17,24743043.95,1.0,1.0
ADV0702,Advisor 0702,independent_broker_dealer,fixed_income_specialist,Fixed Income Specialist,low_medium,medium,high,tenured,22,24724446.62,0.95,1.05
ADV0607,Advisor 0607,ria,balanced_planner,Balanced Planner,medium,low,high,established,15,24604816.69,1.0,1.0
ADV0786,Advisor 0786,insurance_broker_dealer,fixed_income_specialist,Fixed Income Specialist,low_medium,medium,high,emerging,19,24523562.79,0.95,1.05
ADV0946,Advisor 0946,independent_broker_dealer,growth_allocator,Growth Allocator,medium_high,medium,medium,emerging,20,24196910.3,1.15,0.9
ADV0165,Advisor 0165,independent_broker_dealer,active_trader,Active Trader,high,high,low,established,21,23864353.13,1.25,1.15
ADV0417,Advisor 0417,independent_broker_dealer,growth_allocator,Growth Allocator,medium_high,medium,medium,established,24,23486369.88,1.15,0.9
ADV0788,Advisor 0788,ria,conservative_income,Conservative Income,low,low,high,emerging,15,23460804.91,0.85,1.2
ADV0680,Advisor 0680,wirehouse,growth_allocator,Growth Allocator,medium_high,medium,medium,tenured,16,23393866.03,1.15,0.9
ADV0086,Advisor 0086,regional_broker_dealer,growth_allocator,Growth Allocator,medium_high,medium,medium,emerging,20,23349107.24,1.15,0.9
ADV0258,Advisor 0258,independent_broker_dealer,active_trader,Active Trader,high,high,low,established,15,23301679.84,1.25,1.15
ADV0672,Advisor 0672,independent_broker_dealer,balanced_planner,Balanced Planner,medium,low,high,established,17,22773815.38,1.0,1.0
ADV0190,Advisor 0190,private_bank,alternative_specialist,Alternative Specialist,medium_high,medium,medium,emerging,15,22672044.8,1.05,0.95
ADV0195,Advisor 0195,independent_broker_dealer,balanced_planner,Balanced Planner,medium,low,high,tenured,24,22562865.08,1.0,1.0
ADV0789,Advisor 0789,wirehouse,growth_allocator,Growth Allocator,medium_high,medium,medium,emerging,15,22193179.38,1.15,0.9
ADV0504,Advisor 0504,regional_broker_dealer,conservative_income,Conservative Income,low,low,high,emerging,18,22183893.89,0.85,1.2
ADV0307,Advisor 0307,wirehouse,growth_allocator,Growth Allocator,medium_high,medium,medium,established,19,22072376.8,1.15,0.9
ADV0168,Advisor 0168,ria,active_trader,Active Trader,high,high,low,established,17,21930774.84,1.25,1.15
ADV0207,Advisor 0207,independent_broker_dealer,conservative_income,Conservative Income,low,low,high,established,21,21794885.24,0.85,1.2
ADV0859,Advisor 0859,independent_broker_dealer,balanced_planner,Balanced Planner,medium,low,high,established,17,21346431.01,1.0,1.0
ADV0052,Advisor 0052,insurance_broker_dealer,conservative_income,Conservative Income,low,low,high,emerging,23,20909663.35,0.85,1.2
ADV0200,Advisor 0200,ria,growth_allocator,Growth Allocator,medium_high,medium,medium,tenured,17,20686745.49,1.15,0.9
ADV0203,Advisor 0203,independent_broker_dealer,conservative_income,Conservative Income,low,low,high,tenured,19,20462479.34,0.85,1.2
ADV0149,Advisor 0149,regional_broker_dealer,fixed_income_specialist,Fixed Income Specialist,low_medium,medium,high,tenured,19,20343690.29,0.95,1.05
ADV0877,Advisor 0877,wirehouse,balanced_planner,Balanced Planner,medium,low,high,established,15,20254849.02,1.0,1.0
ADV0792,Advisor 0792,ria,balanced_planner,Balanced Planner,medium,low,high,emerging,15,20207247.92,1.0,1.0
ADV0956,Advisor 0956,wirehouse,balanced_planner,Balanced Planner,medium,low,high,emerging,15,19589057.97,1.0,1.0
ADV0959,Advisor 0959,independent_broker_dealer,balanced_planner,Balanced Planner,medium,low,high,emerging,21,19493389.36,1.0,1.0
ADV0925,Advisor 0925,ria,conservative_income,Conservative Income,low,low,high,established,16,19349331.24,0.85,1.2
ADV0854,Advisor 0854,independent_broker_dealer,balanced_planner,Balanced Planner,medium,low,high,emerging,16,19162429.81,1.0,1.0
ADV0183,Advisor 0183,ria,conservative_income,Conservative Income,low,low,high,established,15,19082998.74,0.85,1.2
ADV0084,Advisor 0084,private_bank,conservative_income,Conservative Income,low,low,high,emerging,15,19047610.59,0.85,1.2
ADV0645,Advisor 0645,independent_broker_dealer,growth_allocator,Growth Allocator,medium_high,medium,medium,established,21,18972648.68,1.15,0.9
ADV0302,Advisor 0302,wirehouse,fixed_income_specialist,Fixed Income Specialist,low_medium,medium,high,tenured,15,18592756.98,0.95,1.05
ADV0939,Advisor 0939,wirehouse,balanced_planner,Balanced Planner,medium,low,high,established,17,18316177.46,1.0,1.0
ADV0964,Advisor 0964,wirehouse,active_trader,Active Trader,high,high,low,established,15,18039396.5,1.25,1.15
ADV0323,Advisor 0323,wirehouse,conservative_income,Conservative Income,low,low,high,established,15,17986746.17,0.85,1.2
ADV0247,Advisor 0247,wirehouse,conservative_income,Conservative Income,low,low,high,tenured,15,17682243.74,0.85,1.2
ADV0633,Advisor 0633,wirehouse,alternative_specialist,Alternative Specialist,medium_high,medium,medium,established,15,17482570.25,1.05,0.95
ADV0112,Advisor 0112,ria,balanced_planner,Balanced Planner,medium,low,high,emerging,15,16430411.66,1.0,1.0
ADV0161,Advisor 0161,independent_broker_dealer,growth_allocator,Growth Allocator,medium_high,medium,medium,tenured,19,16327246.13,1.15,0.9
ADV0858,Advisor 0858,independent_broker_dealer,balanced_planner,Balanced Planner,medium,low,high,emerging,15,16303683.29,1.0,1.0
ADV0588,Advisor 0588,independent_broker_dealer,balanced_planner,Balanced Planner,medium,low,high,established,18,16292100.91,1.0,1.0
ADV0268,Advisor 0268,wirehouse,conservative_income,Conservative Income,low,low,high,emerging,15,15180549.66,0.85,1.2
ADV0283,Advisor 0283,independent_broker_dealer,fixed_income_specialist,Fixed Income Specialist,low_medium,medium,high,established,17,14869724.48,0.95,1.05
ADV0814,Advisor 0814,wirehouse,growth_allocator,Growth Allocator,medium_high,medium,medium,emerging,15,14540813.9,1.15,0.9
ADV0137,Advisor 0137,insurance_broker_dealer,balanced_planner,Balanced Planner,medium,low,high,established,15,13583170.82,1.0,1.0
ADV0601,Advisor 0601,independent_broker_dealer,fixed_income_specialist,Fixed Income Specialist,low_medium,medium,high,emerging,17,13558259.61,0.95,1.05
ADV0479,Advisor 0479,ria,alternative_specialist,Alternative Specialist,medium_high,medium,medium,emerging,15,13368562.38,1.05,0.95
ADV0300,Advisor 0300,wirehouse,active_trader,Active Trader,high,high,low,emerging,15,12892317.15,1.25,1.15
ADV0360,Advisor 0360,wirehouse,balanced_planner,Balanced Planner,medium,low,high,established,15,12877944.6,1.0,1.0
ADV0459,Advisor 0459,wirehouse,balanced_planner,Balanced Planner,medium,low,high,established,15,12503437.12,1.0,1.0
ADV0177,Advisor 0177,ria,alternative_specialist,Alternative Specialist,medium_high,medium,medium,emerging,15,12408754.67,1.05,0.95
ADV0348,Advisor 0348,wirehouse,balanced_planner,Balanced Planner,medium,low,high,emerging,15,11706403.85,1.0,1.0
ADV0773,Advisor 0773,wirehouse,balanced_planner,Balanced Planner,medium,low,high,emerging,15,11198538.62,1.0,1.0
ADV0237,Advisor 0237,regional_broker_dealer,growth_allocator,Growth Allocator,medium_high,medium,medium,tenured,15,10680839.53,1.15,0.9
ADV0751,Advisor 0751,independent_broker_dealer,active_trader,Active Trader,high,high,low,emerging,15,9534253.65,1.25,1.15
ADV0229,Advisor 0229,wirehouse,active_trader,Active Trader,high,high,low,emerging,15,9490493.74,1.25,1.15
ADV0349,Advisor 0349,regional_broker_dealer,fixed_income_specialist,Fixed Income Specialist,low_medium,medium,high,established,15,9301964.42,0.95,1.05
ADV0881,Advisor 0881,independent_broker_dealer,active_trader,Active Trader,high,high,low,emerging,15,9054660.0,1.25,1.15
ADV0073,Advisor 0073,wirehouse,balanced_planner,Balanced Planner,medium,low,high,emerging,15,9047042.72,1.0,1.0
ADV0224,Advisor 0224,wirehouse,growth_allocator,Growth Allocator,medium_high,medium,medium,established,15,8894410.57,1.15,0.9
ADV0293,Advisor 0293,independent_broker_dealer,balanced_planner,Balanced Planner,medium,low,high,emerging,15,8807655.52,1.0,1.0
ADV0238,Advisor 0238,ria,balanced_planner,Balanced Planner,medium,low,high,emerging,15,8165792.04,1.0,1.0
ADV0456,Advisor 0456,regional_broker_dealer,conservative_income,Conservative Income,low,low,high,established,15,7865618.91,0.85,1.2
ADV0509,Advisor 0509,wirehouse,active_trader,Active Trader,high,high,low,emerging,15,7507099.6,1.25,1.15
ADV0392,Advisor 0392,insurance_broker_dealer,conservative_income,Conservative Income,low,low,high,emerging,15,6668537.13,0.85,1.2
ADV0204,Advisor 0204,independent_broker_dealer,fixed_income_specialist,Fixed Income Specialist,low_medium,medium,high,established,15,6565877.34,0.95,1.05
ADV0116,Advisor 0116,ria,conservative_income,Conservative Income,low,low,high,emerging,15,6365759.91,0.85,1.2
ADV0670,Advisor 0670,wirehouse,conservative_income,Conservative Income,low,low,high,emerging,15,6117169.45,0.85,1.2
ADV0710,Advisor 0710,independent_broker_dealer,balanced_planner,Balanced Planner,medium,low,high,emerging,15,5000000.0,1.0,1.0
